Starting exam valuation for exam ID: 3
Fetching question ID: 1
Fetching question ID: 3
Fetching question ID: 8
Successfully bulk created student responses.
Total correct answers: 1
Valuation completed successfully. Total correct answers: 1
Received request to verify student
Student not found with email
Self-registration request received for email
Created student linked to institution ID: 1
Received request to verify student
Creating batch mapping for student
Updated count of students for batch 
Generated JWT token for student
Exam started for student
Starting exam valuation for exam
Total correct answers: 0
Valuation completed successfully. Total correct answers: 0
Start feedback post
Feedback created for student: asifddddd, Rating: 1
Feedback response prepared: {'rating': 1, 'comment': 'feedback', 'student_name': 'asifddddd', 'status': True, 'created_at': datetime.datetime(2024, 10, 23, 11, 24, 29, 383064, tzinfo=datetime.timezone.utc), 'updated_at': datetime.datetime(2024, 10, 23, 11, 24, 29, 383084, tzinfo=datetime.timezone.utc)}
Received request to verify student
Student not found with email
Self-registration request received for email
Created student linked to institution ID: 1
Received request to verify student
Creating batch mapping for student
Updated count of students for batch 
Generated JWT token for student
Exam started for student
Starting exam valuation for exam
An unexpected error occurred: 'ExamValuation' object has no attribute 'fetch_questions_data'
Traceback (most recent call last):
  File "/home/asifnp/Documents/phase-2/recruit-system/server/valuation_management/views.py", line 95, in post
    question_data = self.fetch_questions_data(student_response, questionnaire_id)
AttributeError: 'ExamValuation' object has no attribute 'fetch_questions_data'
Starting exam valuation for exam
Successfully bulk created student responses.
Valuation completed successfully. Total correct answers: 0
Start feedback post
Feedback created for student: asif, Rating: 5
Feedback response prepared: {'rating': 5, 'comment': 'wwww', 'student_name': 'asif', 'status': True, 'created_at': datetime.datetime(2024, 10, 24, 3, 50, 1, 192684, tzinfo=datetime.timezone.utc), 'updated_at': datetime.datetime(2024, 10, 24, 3, 50, 1, 192709, tzinfo=datetime.timezone.utc)}
Received request to verify student
Received request to verify student
Student not found with email
Self-registration request received for email
Created student linked to institution ID: 1
Received request to verify student
Creating batch mapping for student
Updated count of students for batch 
Generated JWT token for student
Exam started for student
Starting exam valuation for exam
Successfully bulk created student responses.
Valuation completed successfully. Total correct answers: 3
Start feedback post
Feedback created for student: asifdd, Rating: 4
Feedback response prepared: {'rating': 4, 'comment': 'dddddd', 'student_name': 'asifdd', 'status': True, 'created_at': datetime.datetime(2024, 10, 24, 3, 51, 26, 294924, tzinfo=datetime.timezone.utc), 'updated_at': datetime.datetime(2024, 10, 24, 3, 51, 26, 294945, tzinfo=datetime.timezone.utc)}
Received request to verify student
Received request to verify student
Student not found with email
Self-registration request received for email
Created student linked to institution ID: 1
Received request to verify student
Creating batch mapping for student
Updated count of students for batch 
Generated JWT token for student
Exam started for student
Starting exam valuation for exam
Fetching question ID: 1
Fetching question ID: 2
Fetching question ID: 3
Fetching question ID: 4
Fetching question ID: 5
Fetching question ID: 6
Fetching question ID: 7
Fetching question ID: 8
Successfully bulk created student responses.
Total correct answers: 1
Valuation completed successfully. Total correct answers: 1
Start feedback post
Feedback created for student: asif, Rating: 2
Feedback response prepared: {'rating': 2, 'comment': 'vvv', 'student_name': 'asif', 'status': True, 'created_at': datetime.datetime(2024, 10, 24, 3, 54, 49, 974986, tzinfo=datetime.timezone.utc), 'updated_at': datetime.datetime(2024, 10, 24, 3, 54, 49, 975014, tzinfo=datetime.timezone.utc)}
Received request to verify student
Student not found with email
Self-registration request received for email
Created student linked to institution ID: 1
Received request to verify student
Creating batch mapping for student
Updated count of students for batch 
Generated JWT token for student
Exam started for student
Starting exam valuation for exam
Successfully bulk created student responses.
Starting exam valuation for exam
Valuation completed successfully. Total correct answers: 1
Successfully bulk created student responses.
Valuation completed successfully. Total correct answers: 1
Start feedback post
Feedback created for student: asif, Rating: 2
Feedback response prepared: {'rating': 2, 'comment': None, 'student_name': 'asif', 'status': True, 'created_at': datetime.datetime(2024, 10, 24, 4, 0, 43, 130098, tzinfo=datetime.timezone.utc), 'updated_at': datetime.datetime(2024, 10, 24, 4, 0, 43, 130119, tzinfo=datetime.timezone.utc)}
Received request to verify student
Student not found with email
Self-registration request received for email
Created student linked to institution ID: 1
Received request to verify student
Creating batch mapping for student
Updated count of students for batch 
Generated JWT token for student
Exam started for student
Starting exam valuation for exam
Successfully bulk created student responses.
Valuation completed successfully. Total correct answers: 8
Start feedback post
Feedback created for student: asif, Rating: 4
Feedback response prepared: {'rating': 4, 'comment': 'dfgh', 'student_name': 'asif', 'status': True, 'created_at': datetime.datetime(2024, 10, 24, 5, 15, 15, 11834, tzinfo=datetime.timezone.utc), 'updated_at': datetime.datetime(2024, 10, 24, 5, 15, 15, 11858, tzinfo=datetime.timezone.utc)}
Received request to verify student
No active exam found for batch
Received request to verify student
Student not found with email
Self-registration request received for email
Created student linked to institution ID: 1
Received request to verify student
Creating batch mapping for student
Updated count of students for batch 
Generated JWT token for student
Exam started for student
Starting exam valuation for exam
Successfully bulk created student responses.
Valuation completed successfully. Total correct answers: 1
Starting exam valuation for exam
Start feedback post
Feedback created for student: manu sir, Rating: 5
Feedback response prepared: {'rating': 5, 'comment': 'good', 'student_name': 'manu sir', 'status': True, 'created_at': datetime.datetime(2024, 10, 24, 5, 28, 30, 312050, tzinfo=datetime.timezone.utc), 'updated_at': datetime.datetime(2024, 10, 24, 5, 28, 30, 312082, tzinfo=datetime.timezone.utc)}
Received request to verify student
Student not found with email
Self-registration request received for email
Created student linked to institution ID: 1
Received request to verify student
Creating batch mapping for student
Updated count of students for batch 
Generated JWT token for student
Exam started for student
Starting exam valuation for exam
Successfully bulk created student responses.
Valuation completed successfully. Total correct answers: 3
Start feedback post
Feedback created for student: asif, Rating: 4
Feedback response prepared: {'rating': 4, 'comment': 'good feed back', 'student_name': 'asif', 'status': True, 'created_at': datetime.datetime(2024, 10, 24, 5, 47, 27, 246007, tzinfo=datetime.timezone.utc), 'updated_at': datetime.datetime(2024, 10, 24, 5, 47, 27, 246031, tzinfo=datetime.timezone.utc)}
Received request to verify student
An unexpected error occurred: select_for_update cannot be used outside of a transaction.
Received request to verify student
No active exam found for batch
Received request to verify student
Student is already mapped to a batch
Received request to verify student
Student is already mapped to a batch
Received request to verify student
Student not found with email
Self-registration request received for email
Created student linked to institution ID: 1
Received request to verify student
Creating batch mapping for student
Updated count of students for batch
Generated JWT token for student
Exam started for student
Starting exam valuation for exam
Successfully bulk created student responses.
Valuation completed successfully. Total correct answers: 1
Start feedback post
Feedback created for student: asifeee, Rating: 2
Feedback response prepared: {'rating': 2, 'comment': 'ggg', 'student_name': 'asifeee', 'status': True, 'created_at': datetime.datetime(2024, 10, 24, 7, 6, 13, 837561, tzinfo=datetime.timezone.utc), 'updated_at': datetime.datetime(2024, 10, 24, 7, 6, 13, 837587, tzinfo=datetime.timezone.utc)}
Received request to verify student
No active exam found for batch
Received request to verify student
Student not found with email
Self-registration request received for email
Created student linked to institution ID: 1
Received request to verify student
Creating batch mapping for student
Updated count of students for batch
Generated JWT token for student
Received request to verify student
No active exam found for batch
Received request to verify student
Creating batch mapping for student
Updated count of students for batch
Generated JWT token for student
Exam started for student
Starting exam valuation for exam
Successfully bulk created student responses.
Valuation completed successfully. Total correct answers: 1
Start feedback post
Feedback created for student: asif, Rating: 2
Feedback response prepared: {'rating': 2, 'comment': None, 'student_name': 'asif', 'status': True, 'created_at': datetime.datetime(2024, 10, 28, 3, 50, 9, 164933, tzinfo=datetime.timezone.utc), 'updated_at': datetime.datetime(2024, 10, 28, 3, 50, 9, 164956, tzinfo=datetime.timezone.utc)}
Received request to verify student
No active exam found for batch
Received request to verify student
No active exam found for batch
Received request to verify student
Student not found with email
Self-registration request received for email
Created student linked to institution ID: 1
Received request to verify student
Creating batch mapping for student
Updated count of students for batch
Generated JWT token for student
Received request to verify student
Student not found with email
Self-registration request received for email
Created student linked to institution ID: 3
Received request to verify student
Creating batch mapping for student
Updated count of students for batch
Generated JWT token for student
Received request to verify student
Validation error occurred: {'errorCode': 'e2002', 'errorMsg': 'Invalid email'}
Received request to verify student
Validation error occurred: {'errorCode': 'e2002', 'errorMsg': 'Invalid email'}
Received request to verify student
Validation error occurred: {'errorCode': 'e2002', 'errorMsg': 'Invalid email'}
Received request to verify student
Validation error occurred: {'errorCode': 'e2002', 'errorMsg': 'Invalid email'}
Received request to verify student
Validation error occurred: {'errorCode': 'e2002', 'errorMsg': 'Invalid email'}
Received request to verify student
Validation error occurred: {'errorCode': 'e1111', 'errorMsg': 'Invalid batch id'}
Received request to verify student
Validation error occurred: {'errorCode': 'e1111', 'errorMsg': 'Invalid batch id'}
Received request to verify student
No active exam found for batch
Received request to verify student
Student not found with email
Received request to verify student
Student not found with email
Self-registration request received for email
Created student linked to institution ID: 3
Received request to verify student
Creating batch mapping for student
Updated count of students for batch
Generated JWT token for student
Exam started for student
Starting exam valuation for exam
Student marked as terminated.
Received request to verify student
Student not found with email
Self-registration request received for email
Created student linked to institution ID: 4
Received request to verify student
Creating batch mapping for student
Updated count of students for batch
Generated JWT token for student
Exam started for student
Starting exam valuation for exam
Student marked as terminated.
Received request to verify student
Student not found with email
Self-registration request received for email
Created student linked to institution ID: 3
Received request to verify student
Creating batch mapping for student
Updated count of students for batch
Generated JWT token for student
Exam started for student
Starting exam valuation for exam
Successfully bulk created student responses.
Valuation completed successfully. Total correct answers: 1
Starting exam valuation for exam
Start feedback post
Feedback created for student: name, Rating: 3
Feedback response prepared: {'rating': 3, 'comment': 'very good', 'student_name': 'name', 'status': True, 'created_at': datetime.datetime(2024, 11, 13, 8, 32, 9, 793316, tzinfo=datetime.timezone.utc), 'updated_at': datetime.datetime(2024, 11, 13, 8, 32, 9, 793340, tzinfo=datetime.timezone.utc)}
Received request to verify student
Student not found with email
Self-registration request received for email
Created student linked to institution ID: 4
Received request to verify student
Creating batch mapping for student
Updated count of students for batch
Generated JWT token for student
Exam started for student
Starting exam valuation for exam. Response: StudentBatchMapping object (21)student nameasif
Successfully bulk created student responses.
Start feedback post
Feedback created for student: asif, Rating: 2
Feedback response prepared: {'rating': 2, 'comment': 'kkk', 'student_name': 'asif', 'status': True, 'created_at': datetime.datetime(2024, 11, 13, 8, 58, 33, 373525, tzinfo=datetime.timezone.utc), 'updated_at': datetime.datetime(2024, 11, 13, 8, 58, 33, 373554, tzinfo=datetime.timezone.utc)}
Received request to verify student
Student is already mapped to a batch
Received request to verify student
Student not found with email
Self-registration request received for email
Created student linked to institution ID: 4
Received request to verify student
Creating batch mapping for student
Updated count of students for batch
Generated JWT token for student
Exam started for student
Starting exam valuation for exam. Response: StudentBatchMapping object (22)student nameasifllllld
Student marked as terminated.
Received request to verify student
Student not found with email
Self-registration request received for email
Created student linked to institution ID: 3
Received request to verify student
Creating batch mapping for student
Updated count of students for batch
Generated JWT token for student
Exam started for student
Starting exam valuation for exam. Response: StudentBatchMapping object (23)student nameasif nwewnwwwwwww
Successfully bulk created student responses.
Start feedback post
Feedback created for student: asif nwewnwwwwwww, Rating: 2
Feedback response prepared: {'rating': 2, 'comment': None, 'student_name': 'asif nwewnwwwwwww', 'status': True, 'created_at': datetime.datetime(2024, 11, 13, 9, 0, 44, 848294, tzinfo=datetime.timezone.utc), 'updated_at': datetime.datetime(2024, 11, 13, 9, 0, 44, 848323, tzinfo=datetime.timezone.utc)}
Received request to verify student
Student is already mapped to a batch
Received request to verify student
Student not found with email
Self-registration request received for email
Created student linked to institution ID: 3
Received request to verify student
Creating batch mapping for student
Updated count of students for batch
Generated JWT token for student
Exam started for student
Starting exam valuation for exam. Response: StudentBatchMapping object (24)student nameasif nwdewwwwwwww
Student marked as terminated.
Received request to verify student
Student not found with email
Self-registration request received for email
Created student linked to institution ID: 4
Received request to verify student
Creating batch mapping for student
Updated count of students for batch
Generated JWT token for student
Exam started for student
Starting exam valuation for exam. Response: StudentBatchMapping object (25)student nameasif nwewwwwwwwwss
Successfully bulk created student responses.
Start feedback post
Feedback created for student: asif nwewwwwwwwwss, Rating: 3
Feedback response prepared: {'rating': 3, 'comment': None, 'student_name': 'asif nwewwwwwwwwss', 'status': True, 'created_at': datetime.datetime(2024, 11, 13, 9, 10, 57, 616939, tzinfo=datetime.timezone.utc), 'updated_at': datetime.datetime(2024, 11, 13, 9, 10, 57, 616964, tzinfo=datetime.timezone.utc)}
Received request to verify student
Student not found with email
Self-registration request received for email
Created student linked to institution ID: 3
Received request to verify student
Creating batch mapping for student
Updated count of students for batch
Generated JWT token for student
Exam started for student
Starting exam valuation for exam. Response: StudentBatchMapping object (26)student nameasif ncwewwwwwwww
Successfully bulk created student responses.
Start feedback post
Feedback created for student: asif ncwewwwwwwww, Rating: 1
Feedback response prepared: {'rating': 1, 'comment': None, 'student_name': 'asif ncwewwwwwwww', 'status': True, 'created_at': datetime.datetime(2024, 11, 13, 9, 12, 58, 198332, tzinfo=datetime.timezone.utc), 'updated_at': datetime.datetime(2024, 11, 13, 9, 12, 58, 198368, tzinfo=datetime.timezone.utc)}
Start feedback post
Feedback created for student: asif ncwewwwwwwww, Rating: 1
Feedback response prepared: {'rating': 1, 'comment': None, 'student_name': 'asif ncwewwwwwwww', 'status': True, 'created_at': datetime.datetime(2024, 11, 13, 9, 12, 58, 380012, tzinfo=datetime.timezone.utc), 'updated_at': datetime.datetime(2024, 11, 13, 9, 12, 58, 380042, tzinfo=datetime.timezone.utc)}
Start feedback post
Feedback created for student: asif ncwewwwwwwww, Rating: 1
Feedback response prepared: {'rating': 1, 'comment': None, 'student_name': 'asif ncwewwwwwwww', 'status': True, 'created_at': datetime.datetime(2024, 11, 13, 9, 12, 58, 561939, tzinfo=datetime.timezone.utc), 'updated_at': datetime.datetime(2024, 11, 13, 9, 12, 58, 561959, tzinfo=datetime.timezone.utc)}
Start feedback post
Feedback created for student: asif ncwewwwwwwww, Rating: 1
Feedback response prepared: {'rating': 1, 'comment': None, 'student_name': 'asif ncwewwwwwwww', 'status': True, 'created_at': datetime.datetime(2024, 11, 13, 9, 12, 58, 709921, tzinfo=datetime.timezone.utc), 'updated_at': datetime.datetime(2024, 11, 13, 9, 12, 58, 709943, tzinfo=datetime.timezone.utc)}
Start feedback post
Feedback created for student: asif ncwewwwwwwww, Rating: 1
Feedback response prepared: {'rating': 1, 'comment': None, 'student_name': 'asif ncwewwwwwwww', 'status': True, 'created_at': datetime.datetime(2024, 11, 13, 9, 12, 58, 862965, tzinfo=datetime.timezone.utc), 'updated_at': datetime.datetime(2024, 11, 13, 9, 12, 58, 862987, tzinfo=datetime.timezone.utc)}
Start feedback post
Feedback created for student: asif ncwewwwwwwww, Rating: 1
Feedback response prepared: {'rating': 1, 'comment': None, 'student_name': 'asif ncwewwwwwwww', 'status': True, 'created_at': datetime.datetime(2024, 11, 13, 9, 12, 59, 39983, tzinfo=datetime.timezone.utc), 'updated_at': datetime.datetime(2024, 11, 13, 9, 12, 59, 40003, tzinfo=datetime.timezone.utc)}
Start feedback post
Feedback created for student: asif ncwewwwwwwww, Rating: 1
Feedback response prepared: {'rating': 1, 'comment': None, 'student_name': 'asif ncwewwwwwwww', 'status': True, 'created_at': datetime.datetime(2024, 11, 13, 9, 13, 0, 237990, tzinfo=datetime.timezone.utc), 'updated_at': datetime.datetime(2024, 11, 13, 9, 13, 0, 238031, tzinfo=datetime.timezone.utc)}
Start feedback post
Feedback created for student: asif ncwewwwwwwww, Rating: 1
Feedback response prepared: {'rating': 1, 'comment': None, 'student_name': 'asif ncwewwwwwwww', 'status': True, 'created_at': datetime.datetime(2024, 11, 13, 9, 13, 0, 419331, tzinfo=datetime.timezone.utc), 'updated_at': datetime.datetime(2024, 11, 13, 9, 13, 0, 419353, tzinfo=datetime.timezone.utc)}
Start feedback post
Feedback created for student: asif ncwewwwwwwww, Rating: 1
Feedback response prepared: {'rating': 1, 'comment': None, 'student_name': 'asif ncwewwwwwwww', 'status': True, 'created_at': datetime.datetime(2024, 11, 13, 9, 13, 0, 598625, tzinfo=datetime.timezone.utc), 'updated_at': datetime.datetime(2024, 11, 13, 9, 13, 0, 598654, tzinfo=datetime.timezone.utc)}
Start feedback post
Feedback created for student: asif ncwewwwwwwww, Rating: 1
Feedback response prepared: {'rating': 1, 'comment': None, 'student_name': 'asif ncwewwwwwwww', 'status': True, 'created_at': datetime.datetime(2024, 11, 13, 9, 13, 0, 747938, tzinfo=datetime.timezone.utc), 'updated_at': datetime.datetime(2024, 11, 13, 9, 13, 0, 747960, tzinfo=datetime.timezone.utc)}
Start feedback post
Feedback created for student: asif ncwewwwwwwww, Rating: 1
Feedback response prepared: {'rating': 1, 'comment': None, 'student_name': 'asif ncwewwwwwwww', 'status': True, 'created_at': datetime.datetime(2024, 11, 13, 9, 13, 0, 897756, tzinfo=datetime.timezone.utc), 'updated_at': datetime.datetime(2024, 11, 13, 9, 13, 0, 897779, tzinfo=datetime.timezone.utc)}
Start feedback post
Feedback created for student: asif ncwewwwwwwww, Rating: 1
Feedback response prepared: {'rating': 1, 'comment': None, 'student_name': 'asif ncwewwwwwwww', 'status': True, 'created_at': datetime.datetime(2024, 11, 13, 9, 13, 1, 77848, tzinfo=datetime.timezone.utc), 'updated_at': datetime.datetime(2024, 11, 13, 9, 13, 1, 77870, tzinfo=datetime.timezone.utc)}
Start feedback post
Feedback created for student: asif ncwewwwwwwww, Rating: 1
Feedback response prepared: {'rating': 1, 'comment': None, 'student_name': 'asif ncwewwwwwwww', 'status': True, 'created_at': datetime.datetime(2024, 11, 13, 9, 13, 2, 277582, tzinfo=datetime.timezone.utc), 'updated_at': datetime.datetime(2024, 11, 13, 9, 13, 2, 277602, tzinfo=datetime.timezone.utc)}
Start feedback post
Feedback created for student: asif ncwewwwwwwww, Rating: 1
Feedback response prepared: {'rating': 1, 'comment': None, 'student_name': 'asif ncwewwwwwwww', 'status': True, 'created_at': datetime.datetime(2024, 11, 13, 9, 13, 2, 457738, tzinfo=datetime.timezone.utc), 'updated_at': datetime.datetime(2024, 11, 13, 9, 13, 2, 457760, tzinfo=datetime.timezone.utc)}
Received request to verify student
Student not found with email
Received request to verify student
Student is already mapped to a batch
Received request to verify student
Student not found with email
Self-registration request received for email
Created student linked to institution ID: 1
Received request to verify student
Creating batch mapping for student
Updated count of students for batch
Generated JWT token for student
Self-registration request received for email
Self-registration request received for email
Self-registration request received for email
Self-registration request received for email
Self-registration request received for email
Self-registration request received for email
Self-registration request received for email
Self-registration request received for email
Self-registration request received for email
Received request to verify student
Student not found with email
Self-registration request received for email
Created student linked to institution ID: 3
Self-registration request received for email
Self-registration request received for email
Self-registration request received for email
Self-registration request received for email
Received request to verify student
Creating batch mapping for student
Updated count of students for batch
Generated JWT token for student
Received request to verify student
Student not found with email
Self-registration request received for email
Created student linked to institution ID: 3
Self-registration request received for email
Self-registration request received for email
Self-registration request received for email
Self-registration request received for email
Self-registration request received for email
Self-registration request received for email
Self-registration request received for email
Received request to verify student
Creating batch mapping for student
Updated count of students for batch
Generated JWT token for student
Received request to verify student
Validation error occurred: {'errorCode': 'e1111', 'errorMsg': 'Invalid batch id'}
Received request to verify student
Validation error occurred: {'errorCode': 'e1111', 'errorMsg': 'Invalid batch id'}
Received request to verify student
Student not found with email
Self-registration request received for email
Created student linked to institution ID: 1
Self-registration request received for email
Received request to verify student
Creating batch mapping for student
Updated count of students for batch
Generated JWT token for student
Received request to verify student
Student not found with email
Self-registration request received for email
Created student linked to institution ID: 1
Self-registration request received for email
Self-registration request received for email
Self-registration request received for email
Received request to verify student
Creating batch mapping for student
Updated count of students for batch
Generated JWT token for student
Self-registration request received for email
Self-registration request received for email
Self-registration request received for email
Self-registration request received for email
Self-registration request received for email
Self-registration request received for email
Received request to verify student
Student is already mapped to a batch
Received request to verify student
Student not found with email
Self-registration request received for email
Created student linked to institution ID: 1
Self-registration request received for email
Self-registration request received for email
Received request to verify student
Creating batch mapping for student
Updated count of students for batch
Generated JWT token for student
Received request to verify student
Student not found with email
Received request to verify student
Student not found with email
Self-registration request received for email
Created student linked to institution ID: 3
Received request to verify student
Creating batch mapping for student
Updated count of students for batch
Generated JWT token for student
Exam started for student
Starting exam valuation for exam. Response: StudentBatchMapping object (33)student nameasif
Successfully bulk created student responses.
Start feedback post
Feedback created for student: asif, Rating: 4
Feedback response prepared: {'rating': 4, 'comment': 'asfasdf', 'student_name': 'asif', 'status': True, 'created_at': datetime.datetime(2024, 11, 13, 10, 55, 29, 73338, tzinfo=datetime.timezone.utc), 'updated_at': datetime.datetime(2024, 11, 13, 10, 55, 29, 73360, tzinfo=datetime.timezone.utc)}
Received request to verify student
Student not found with email
Self-registration request received for email
Created student linked to institution ID: 1
Received request to verify student
Creating batch mapping for student
Updated count of students for batch
Generated JWT token for student
Exam started for student
Starting exam valuation for exam. Response: StudentBatchMapping object (34)student nameddfdzdf
Successfully bulk created student responses.
Start feedback post
Feedback created for student: ddfdzdf, Rating: 2
Feedback response prepared: {'rating': 2, 'comment': 'xdsd', 'student_name': 'ddfdzdf', 'status': True, 'created_at': datetime.datetime(2024, 11, 13, 11, 1, 48, 617848, tzinfo=datetime.timezone.utc), 'updated_at': datetime.datetime(2024, 11, 13, 11, 1, 48, 617882, tzinfo=datetime.timezone.utc)}
Received request to verify student
Student not found with email
Self-registration request received for email
Created student linked to institution ID: 2
Received request to verify student
Creating batch mapping for student
Updated count of students for batch
Generated JWT token for student
Exam started for student
Starting exam valuation for exam. Response: StudentBatchMapping object (35)student nameasif
Successfully bulk created student responses.
Start feedback post
Feedback created for student: asif, Rating: 2
Feedback response prepared: {'rating': 2, 'comment': None, 'student_name': 'asif', 'status': True, 'created_at': datetime.datetime(2024, 11, 13, 11, 5, 34, 736765, tzinfo=datetime.timezone.utc), 'updated_at': datetime.datetime(2024, 11, 13, 11, 5, 34, 736788, tzinfo=datetime.timezone.utc)}
Received request to verify student
Student not found with email
Received request to verify student
Student not found with email
Received request to verify student
Student not found with email
Received request to verify student
Student not found with email
Self-registration request received for email
Created student linked to institution ID: 1
Received request to verify student
Creating batch mapping for student
Updated count of students for batch
Generated JWT token for student
Exam started for student
Starting exam valuation for exam. Response: StudentBatchMapping object (36)student nameasif
Successfully bulk created student responses.
Start feedback post
Feedback created for student: asif, Rating: 2
Feedback response prepared: {'rating': 2, 'comment': 'asfdsa', 'student_name': 'asif', 'status': True, 'created_at': datetime.datetime(2024, 11, 13, 11, 20, 26, 911266, tzinfo=datetime.timezone.utc), 'updated_at': datetime.datetime(2024, 11, 13, 11, 20, 26, 911293, tzinfo=datetime.timezone.utc)}
Received request to verify student
Student not found with email
Self-registration request received for email
Created student linked to institution ID: 4
Received request to verify student
Creating batch mapping for student
Updated count of students for batch
Generated JWT token for student
Exam started for student
Starting exam valuation for exam. Response: StudentBatchMapping object (37)student nameasif
Successfully bulk created student responses.
Start feedback post
Feedback created for student: asif, Rating: 4
Feedback response prepared: {'rating': 4, 'comment': 'hjhjhj', 'student_name': 'asif', 'status': True, 'created_at': datetime.datetime(2024, 11, 13, 11, 28, 21, 882319, tzinfo=datetime.timezone.utc), 'updated_at': datetime.datetime(2024, 11, 13, 11, 28, 21, 882348, tzinfo=datetime.timezone.utc)}
Received request to verify student
Student not found with email
Self-registration request received for email
Created student linked to institution ID: 3
Received request to verify student
Creating batch mapping for student
Updated count of students for batch
Generated JWT token for student
Exam started for student
Starting exam valuation for exam. Response: StudentBatchMapping object (38)student nameasif
Student marked as terminated.
Received request to verify student
Student not found with email
Self-registration request received for email
Created student linked to institution ID: 3
Received request to verify student
Creating batch mapping for student
Updated count of students for batch
Generated JWT token for student
Exam started for student
Starting exam valuation for exam. Response: StudentBatchMapping object (39)student nameasf
Successfully bulk created student responses.
Start feedback post
Feedback created for student: asf, Rating: 3
Feedback response prepared: {'rating': 3, 'comment': 'jikkk', 'student_name': 'asf', 'status': True, 'created_at': datetime.datetime(2024, 11, 13, 11, 32, 20, 905312, tzinfo=datetime.timezone.utc), 'updated_at': datetime.datetime(2024, 11, 13, 11, 32, 20, 905342, tzinfo=datetime.timezone.utc)}
Received request to verify student
Student not found with email
Self-registration request received for email
Created student linked to institution ID: 1
Received request to verify student
Creating batch mapping for student
Updated count of students for batch
Generated JWT token for student
Exam started for student
Starting exam valuation for exam. Response: StudentBatchMapping object (40)student nameasif
Successfully bulk created student responses.
Start feedback post
Feedback created for student: asif, Rating: 4
Feedback response prepared: {'rating': 4, 'comment': None, 'student_name': 'asif', 'status': True, 'created_at': datetime.datetime(2024, 11, 13, 11, 42, 28, 877741, tzinfo=datetime.timezone.utc), 'updated_at': datetime.datetime(2024, 11, 13, 11, 42, 28, 877767, tzinfo=datetime.timezone.utc)}
Received request to verify student
Student not found with email
Self-registration request received for email
Created student linked to institution ID: 2
Received request to verify student
Creating batch mapping for student
Updated count of students for batch
Generated JWT token for student
Exam started for student
Starting exam valuation for exam. Response: StudentBatchMapping object (41)student nameasif
Successfully bulk created student responses.
Start feedback post
Feedback created for student: asif, Rating: 4
Feedback response prepared: {'rating': 4, 'comment': 'sfsadfasf', 'student_name': 'asif', 'status': True, 'created_at': datetime.datetime(2024, 11, 13, 11, 46, 57, 123207, tzinfo=datetime.timezone.utc), 'updated_at': datetime.datetime(2024, 11, 13, 11, 46, 57, 123231, tzinfo=datetime.timezone.utc)}
Received request to verify student
Student not found with email
Self-registration request received for email
Created student linked to institution ID: 4
Received request to verify student
Creating batch mapping for student
Updated count of students for batch
Generated JWT token for student
Exam started for student
Starting exam valuation for exam. Response: StudentBatchMapping object (42)student nameeasifllllld
Successfully bulk created student responses.
Start feedback post
Feedback created for student: easifllllld, Rating: 4
Feedback response prepared: {'rating': 4, 'comment': 'qwertyuiokjhgfdfg', 'student_name': 'easifllllld', 'status': True, 'created_at': datetime.datetime(2024, 11, 13, 11, 49, 39, 720852, tzinfo=datetime.timezone.utc), 'updated_at': datetime.datetime(2024, 11, 13, 11, 49, 39, 720880, tzinfo=datetime.timezone.utc)}
Received request to verify student
Student not found with email
Self-registration request received for email
Created student linked to institution ID: 2
Received request to verify student
Creating batch mapping for student
Updated count of students for batch
Generated JWT token for student
Exam started for student
Starting exam valuation for exam. Response: StudentBatchMapping object (43)student nameasifllllld
Successfully bulk created student responses.
Start feedback post
Feedback created for student: asifllllld, Rating: 5
Feedback response prepared: {'rating': 5, 'comment': None, 'student_name': 'asifllllld', 'status': True, 'created_at': datetime.datetime(2024, 11, 13, 11, 52, 5, 288780, tzinfo=datetime.timezone.utc), 'updated_at': datetime.datetime(2024, 11, 13, 11, 52, 5, 288824, tzinfo=datetime.timezone.utc)}
Starting exam valuation for exam. Response: StudentBatchMapping object (4)student nameJohn Doe
Starting exam valuation for exam. Response: StudentBatchMapping object (4)student nameJohn Doe
Starting exam valuation for exam. Response: StudentBatchMapping object (4)student nameJohn Doe
Starting exam valuation for exam. Response: StudentBatchMapping object (1)student nameJohn Doe
Starting exam valuation for exam. Response: StudentBatchMapping object (1)student nameJohn Doe
Successfully bulk created student responses.
Starting exam valuation for exam. Response: StudentBatchMapping object (1)student nameJohn Doe
Student marked as terminated.
Starting exam valuation for exam. Response: StudentBatchMapping object (2)student nameJohn Doe
Successfully bulk created student responses.
Starting exam valuation for exam. Response: StudentBatchMapping object (1)student nameJohn Doe
Student marked as terminated.
Starting exam valuation for exam. Response: StudentBatchMapping object (2)student nameJohn Doe
Successfully bulk created student responses.
Starting exam valuation for exam. Response: StudentBatchMapping object (1)student nameJohn Doe
Student marked as terminated.
Starting exam valuation for exam. Response: StudentBatchMapping object (2)student nameJohn Doe
Starting exam valuation for exam. Response: StudentBatchMapping object (1)student nameJohn Doe
Student marked as terminated.
Starting exam valuation for exam. Response: StudentBatchMapping object (2)student nameJohn Doe
Starting exam valuation for exam. Response: StudentBatchMapping object (1)student nameJohn Doe
Student marked as terminated.
Starting exam valuation for exam. Response: StudentBatchMapping object (2)student nameJohn Doe
Starting exam valuation for exam. Response: StudentBatchMapping object (1)student nameJohn Doe
Student marked as terminated.
Starting exam valuation for exam. Response: StudentBatchMapping object (2)student nameJohn Doe
Starting exam valuation for exam. Response: StudentBatchMapping object (1)student nameJohn Doe
Student marked as terminated.
Starting exam valuation for exam. Response: StudentBatchMapping object (2)student nameJohn Doe
Starting exam valuation for exam. Response: StudentBatchMapping object (1)student nameJohn Doe
Student marked as terminated.
Starting exam valuation for exam. Response: StudentBatchMapping object (2)student nameJohn Doe
Starting exam valuation for exam. Response: StudentBatchMapping object (1)student nameJohn Doe
Student marked as terminated.
Starting exam valuation for exam. Response: StudentBatchMapping object (2)student nameJohn Doe
Starting exam valuation for exam. Response: StudentBatchMapping object (1)student nameJohn Doe
Student marked as terminated.
Starting exam valuation for exam. Response: StudentBatchMapping object (2)student nameJohn Doe
Starting exam valuation for exam. Response: StudentBatchMapping object (1)student nameJohn Doe
Starting exam valuation for exam. Response: StudentBatchMapping object (1)student nameJohn Doe
Starting exam valuation for exam. Response: StudentBatchMapping object (1)student nameJohn Doe
Starting exam valuation for exam. Response: StudentBatchMapping object (1)student nameJohn Doe
Starting exam valuation for exam. Response: StudentBatchMapping object (1)student nameJohn Doe
Starting exam valuation for exam. Response: StudentBatchMapping object (1)student nameJohn Doe
Successfully bulk created student responses.
Starting exam valuation for exam. Response: StudentBatchMapping object (2)student nameJohn Doe
Student marked as terminated.
Starting exam valuation for exam. Response: StudentBatchMapping object (3)student nameJohn Doe
Starting exam valuation for exam. Response: StudentBatchMapping object (2)student nameJohn Doe
Student marked as terminated.
Starting exam valuation for exam. Response: StudentBatchMapping object (3)student nameJohn Doe
Starting exam valuation for exam. Response: StudentBatchMapping object (2)student nameJohn Doe
Student marked as terminated.
Starting exam valuation for exam. Response: StudentBatchMapping object (3)student nameJohn Doe
Starting exam valuation for exam. Response: StudentBatchMapping object (1)student nameJohn Doe
Student marked as terminated.
Starting exam valuation for exam. Response: StudentBatchMapping object (2)student nameJohn Doe
Starting exam valuation for exam. Response: StudentBatchMapping object (1)student nameJohn Doe
Student marked as terminated.
Starting exam valuation for exam. Response: StudentBatchMapping object (2)student nameJohn Doe
Starting exam valuation for exam. Response: StudentBatchMapping object (1)student nameJohn Doe
Successfully bulk created student responses.
Starting exam valuation for exam. Response: StudentBatchMapping object (1)student nameJohn Doe
Student marked as terminated.
Starting exam valuation for exam. Response: StudentBatchMapping object (2)student nameJohn Doe
Starting exam valuation for exam. Response: StudentBatchMapping object (1)student nameJohn Doe
Student marked as terminated.
Starting exam valuation for exam. Response: StudentBatchMapping object (2)student nameJohn Doe
Successfully bulk created student responses.
Starting exam valuation for exam. Response: StudentBatchMapping object (2)student nameJohn Doe
Student marked as terminated.
Starting exam valuation for exam. Response: StudentBatchMapping object (3)student nameJohn Doe
Successfully bulk created student responses.
Starting exam valuation for exam. Response: StudentBatchMapping object (2)student nameJohn Doe
Student marked as terminated.
Starting exam valuation for exam. Response: StudentBatchMapping object (3)student nameJohn Doe
Successfully bulk created student responses.
Starting exam valuation for exam. Response: StudentBatchMapping object (1)student nameJohn Doe
Student marked as terminated.
Starting exam valuation for exam. Response: StudentBatchMapping object (2)student nameJohn Doe
Starting exam valuation for exam. Response: StudentBatchMapping object (4)student nameJohn Doe
Successfully bulk created student responses.
Starting exam valuation for exam. Response: StudentBatchMapping object (1)student nameJohn Doe
Student marked as terminated.
Starting exam valuation for exam. Response: StudentBatchMapping object (2)student nameJohn Doe
Starting exam valuation for exam. Response: StudentBatchMapping object (4)student nameJohn Doe
Successfully bulk created student responses.
Starting exam valuation for exam. Response: StudentBatchMapping object (1)student nameJohn Doe
Student marked as terminated.
Starting exam valuation for exam. Response: StudentBatchMapping object (2)student nameJohn Doe
Starting exam valuation for exam. Response: StudentBatchMapping object (4)student nameJohn Doe
Successfully bulk created student responses.
Starting exam valuation for exam. Response: StudentBatchMapping object (1)student nameJohn Doe
Student marked as terminated.
Starting exam valuation for exam. Response: StudentBatchMapping object (2)student nameJohn Doe
Starting exam valuation for exam. Response: StudentBatchMapping object (4)student nameJohn Doe
Successfully bulk created student responses.
Starting exam valuation for exam. Response: StudentBatchMapping object (1)student nameJohn Doe
Student marked as terminated.
Starting exam valuation for exam. Response: StudentBatchMapping object (2)student nameJohn Doe
Starting exam valuation for exam. Response: StudentBatchMapping object (4)student nameJohn Doe
Successfully bulk created student responses.
Starting exam valuation for exam. Response: StudentBatchMapping object (1)student nameJohn Doe
Student marked as terminated.
Starting exam valuation for exam. Response: StudentBatchMapping object (2)student nameJohn Doe
Starting exam valuation for exam. Response: StudentBatchMapping object (4)student nameJohn Doe
Successfully bulk created student responses.
Starting exam valuation for exam. Response: StudentBatchMapping object (2)student nameJohn Doe
Student marked as terminated.
Starting exam valuation for exam. Response: StudentBatchMapping object (3)student nameJohn Doe
Starting exam valuation for exam. Response: StudentBatchMapping object (5)student nameJohn Doe
Successfully bulk created student responses.
Starting exam valuation for exam. Response: StudentBatchMapping object (3)student nameJohn Doe
Student marked as terminated.
Starting exam valuation for exam. Response: StudentBatchMapping object (5)student nameJohn Doe
Starting exam valuation for exam. Response: StudentBatchMapping object (9)student nameJohn Doe
Successfully bulk created student responses.
Starting exam valuation for exam. Response: StudentBatchMapping object (3)student nameJohn Doe
Student marked as terminated.
Starting exam valuation for exam. Response: StudentBatchMapping object (5)student nameJohn Doe
Starting exam valuation for exam. Response: StudentBatchMapping object (9)student nameJohn Doe
Successfully bulk created student responses.
Starting exam valuation for exam. Response: StudentBatchMapping object (2)student nameJohn Doed
Starting exam valuation for exam. Response: StudentBatchMapping object (3)student nameJohn Doe
Student marked as terminated.
Starting exam valuation for exam. Response: StudentBatchMapping object (5)student nameJohn Doe
Starting exam valuation for exam. Response: StudentBatchMapping object (9)student nameJohn Doe
Successfully bulk created student responses.
Starting exam valuation for exam. Response: StudentBatchMapping object (2)student nameJohn Doed
Starting exam valuation for exam. Response: StudentBatchMapping object (3)student nameJohn Doe
Student marked as terminated.
Starting exam valuation for exam. Response: StudentBatchMapping object (5)student nameJohn Doe
Starting exam valuation for exam. Response: StudentBatchMapping object (9)student nameJohn Doe
Successfully bulk created student responses.
Starting exam valuation for exam. Response: StudentBatchMapping object (2)student nameJohn Doed
Starting exam valuation for exam. Response: StudentBatchMapping object (7)student nameJohn Doe
Student marked as terminated.
Starting exam valuation for exam. Response: StudentBatchMapping object (10)student nameJohn Doe
Starting exam valuation for exam. Response: StudentBatchMapping object (16)student nameJohn Doe
Successfully bulk created student responses.
Starting exam valuation for exam. Response: StudentBatchMapping object (2)student nameJohn Doed
Starting exam valuation for exam. Response: StudentBatchMapping object (6)student nameJohnie Doed
Starting exam valuation for exam. Response: StudentBatchMapping object (7)student nameJohn Doe
Student marked as terminated.
Starting exam valuation for exam. Response: StudentBatchMapping object (10)student nameJohn Doe
Starting exam valuation for exam. Response: StudentBatchMapping object (16)student nameJohn Doe
Successfully bulk created student responses.
Starting exam valuation for exam. Response: StudentBatchMapping object (2)student nameJohn Doed
Starting exam valuation for exam. Response: StudentBatchMapping object (6)student nameJohnie Doed
Starting exam valuation for exam. Response: StudentBatchMapping object (7)student nameJohn Doe
Student marked as terminated.
Starting exam valuation for exam. Response: StudentBatchMapping object (10)student nameJohn Doe
Starting exam valuation for exam. Response: StudentBatchMapping object (16)student nameJohn Doe
Successfully bulk created student responses.
Starting exam valuation for exam. Response: StudentBatchMapping object (2)student nameJohn Doed
Starting exam valuation for exam. Response: StudentBatchMapping object (6)student nameJohnie Doed
Starting exam valuation for exam. Response: StudentBatchMapping object (7)student nameJohn Doe
Student marked as terminated.
Starting exam valuation for exam. Response: StudentBatchMapping object (10)student nameJohn Doe
Starting exam valuation for exam. Response: StudentBatchMapping object (16)student nameJohn Doe
Successfully bulk created student responses.
Starting exam valuation for exam. Response: StudentBatchMapping object (2)student nameJohn Doed
Starting exam valuation for exam. Response: StudentBatchMapping object (6)student nameJohnie Doed
Starting exam valuation for exam. Response: StudentBatchMapping object (7)student nameJohn Doe
Student marked as terminated.
Starting exam valuation for exam. Response: StudentBatchMapping object (10)student nameJohn Doe
Starting exam valuation for exam. Response: StudentBatchMapping object (16)student nameJohn Doe
Successfully bulk created student responses.
Starting exam valuation for exam. Response: StudentBatchMapping object (23)student nameJohn Doed
Starting exam valuation for exam. Response: StudentBatchMapping object (27)student nameJohnie Doed
Starting exam valuation for exam. Response: StudentBatchMapping object (28)student nameJohn Doe
Student marked as terminated.
Starting exam valuation for exam. Response: StudentBatchMapping object (31)student nameJohn Doe
Starting exam valuation for exam. Response: StudentBatchMapping object (37)student nameJohn Doe
Successfully bulk created student responses.
Starting exam valuation for exam. Response: StudentBatchMapping object (23)student nameJohn Doed
Starting exam valuation for exam. Response: StudentBatchMapping object (27)student nameJohnie Doed
Starting exam valuation for exam. Response: StudentBatchMapping object (28)student nameJohn Doe
Student marked as terminated.
Starting exam valuation for exam. Response: StudentBatchMapping object (31)student nameJohn Doe
Starting exam valuation for exam. Response: StudentBatchMapping object (37)student nameJohn Doe
Successfully bulk created student responses.
Received request to verify student
No active exam found for batch
Received request to verify student
Student is already mapped to a batch
Received request to verify student
Student not found with email
Self-registration request received for email
Created student linked to institution ID: 3
Received request to verify student
Creating batch mapping for student
Updated count of students for batch
Generated JWT token for student
Exam started for student
Starting exam valuation for exam. Response: StudentBatchMapping object (44)student nameasif
Student marked as terminated.
Received request to verify student
Student not found with email
Self-registration request received for email
Created student linked to institution ID: 1
Received request to verify student
Creating batch mapping for student
Updated count of students for batch
Generated JWT token for student
Exam started for student
Starting exam valuation for exam. Response: StudentBatchMapping object (45)student nameasf
Student marked as terminated.
Received request to verify student
Student not found with email
Self-registration request received for email
Created student linked to institution ID: 4
Received request to verify student
Creating batch mapping for student
Updated count of students for batch
Generated JWT token for student
Exam started for student
Starting exam valuation for exam. Response: StudentBatchMapping object (46)student nameaaaaaaaaaa
Student marked as terminated.
Received request to verify student
Student not found with email
Self-registration request received for email
Created student linked to institution ID: 1
Received request to verify student
Creating batch mapping for student
Updated count of students for batch
Generated JWT token for student
Exam started for student
Exam started for student
Exam started for student
Exam started for student
Starting exam valuation for exam. Response: StudentBatchMapping object (47)student nameasif
Student marked as terminated.
Received request to verify student
Student not found with email
Received request to verify student
Student is already mapped to a batch
Received request to verify student
Student not found with email
Received request to verify student
Student not found with email
Received request to verify student
Student not found with email
Received request to verify student
Student not found with email
Received request to verify student
Student not found with email
Received request to verify student
Student not found with email
Self-registration request received for email
Created student linked to institution ID: 1
Received request to verify student
Creating batch mapping for student
Updated count of students for batch
Generated JWT token for student
Exam started for student
Exam started for student
Starting exam valuation for exam. Response: StudentBatchMapping object (48)student nameJuan Francisco dd
Successfully bulk created student responses.
Start feedback post
Feedback created for student: Juan Francisco dd, Rating: 4
Feedback response prepared: {'rating': 4, 'comment': None, 'student_name': 'Juan Francisco dd', 'status': True, 'created_at': datetime.datetime(2024, 11, 20, 23, 42, 49, 533145, tzinfo=datetime.timezone.utc), 'updated_at': datetime.datetime(2024, 11, 20, 23, 42, 49, 533184, tzinfo=datetime.timezone.utc)}
Received request to verify student
Student not found with email
Self-registration request received for email
Created student linked to institution ID: 1
Received request to verify student
Creating batch mapping for student
Updated count of students for batch
Generated JWT token for student
Exam started for student
Exam started for student
Exam started for student
Exam started for student
Exam started for student
Received request to verify student
Student not found with email
Self-registration request received for email
Created student linked to institution ID: 2
Received request to verify student
Creating batch mapping for student
Updated count of students for batch
Generated JWT token for student
Exam started for student
Received request to verify student
Student not found with email
Self-registration request received for email
Created student linked to institution ID: 4
Received request to verify student
Creating batch mapping for student
Updated count of students for batch
Generated JWT token for student
Exam started for student
Starting exam valuation for exam. Response: StudentBatchMapping object (51)student nameJuan Francisco dd
Student marked as terminated.
Received request to verify student
Student not found with email
Self-registration request received for email
Created student linked to institution ID: 2
Received request to verify student
Creating batch mapping for student
Updated count of students for batch
Generated JWT token for student
Exam started for student
Starting exam valuation for exam. Response: StudentBatchMapping object (52)student nameasif nwewwwwwwww
Student marked as terminated.
Received request to verify student
Student not found with email
Self-registration request received for email
Created student linked to institution ID: 1
Received request to verify student
Creating batch mapping for student
Updated count of students for batch
Generated JWT token for student
Exam started for student
Starting exam valuation for exam. Response: StudentBatchMapping object (53)student nameaaa
Student marked as terminated.
Received request to verify student
Student is already mapped to a batch
Received request to verify student
Student not found with email
Self-registration request received for email
Created student linked to institution ID: 1
Received request to verify student
Creating batch mapping for student
Updated count of students for batch
Generated JWT token for student
Exam started for student
Starting exam valuation for exam. Response: StudentBatchMapping object (54)student nameasif nwewwwwwwww
Successfully bulk created student responses.
Start feedback post
Feedback created for student: asif nwewwwwwwww, Rating: 5
Feedback response prepared: {'rating': 5, 'comment': None, 'student_name': 'asif nwewwwwwwww', 'status': True, 'created_at': datetime.datetime(2024, 11, 21, 0, 17, 22, 796366, tzinfo=datetime.timezone.utc), 'updated_at': datetime.datetime(2024, 11, 21, 0, 17, 22, 796388, tzinfo=datetime.timezone.utc)}
Received request to verify student
Student not found with email
Self-registration request received for email
Created student linked to institution ID: 3
Received request to verify student
Creating batch mapping for student
Updated count of students for batch
Generated JWT token for student
Exam started for student
Starting exam valuation for exam. Response: StudentBatchMapping object (55)student nameasif nwewwwwwwww
Student marked as terminated.
Received request to verify student
Student not found with email
Self-registration request received for email
Created student linked to institution ID: 3
Received request to verify student
Creating batch mapping for student
Updated count of students for batch
Generated JWT token for student
Exam started for student
Received request to verify student
Student is already mapped to a batch
Received request to verify student
Student not found with email
Self-registration request received for email
Created student linked to institution ID: 2
Received request to verify student
Creating batch mapping for student
Updated count of students for batch
Generated JWT token for student
Exam started for student
Exam started for student
Received request to verify student
Student not found with email
Self-registration request received for email
Created student linked to institution ID: 2
Received request to verify student
Creating batch mapping for student
Updated count of students for batch
Generated JWT token for student
Exam started for student
Starting exam valuation for exam. Response: StudentBatchMapping object (58)student nameasf
Student marked as terminated.
Received request to verify student
Student not found with email
Self-registration request received for email
Created student linked to institution ID: 1
Received request to verify student
Creating batch mapping for student
Updated count of students for batch
Generated JWT token for student
Exam started for student
Received request to verify student
Student not found with email
Self-registration request received for email
Created student linked to institution ID: 4
Received request to verify student
Creating batch mapping for student
Updated count of students for batch
Generated JWT token for student
Exam started for student
Starting exam valuation for exam. Response: StudentBatchMapping object (60)student nameasif nwewwwwwwww
Student marked as terminated.
Received request to verify student
Student not found with email
Self-registration request received for email
Created student linked to institution ID: 3
Received request to verify student
Creating batch mapping for student
Updated count of students for batch
Generated JWT token for student
Exam started for student
Received request to verify student
Student not found with email
Self-registration request received for email
Created student linked to institution ID: 2
Received request to verify student
Creating batch mapping for student
Updated count of students for batch
Generated JWT token for student
Exam started for student
Exam started for student
Starting exam valuation for exam. Response: StudentBatchMapping object (62)student nameasf
Successfully bulk created student responses.
Start feedback post
Feedback created for student: asf, Rating: 3
Feedback response prepared: {'rating': 3, 'comment': None, 'student_name': 'asf', 'status': True, 'created_at': datetime.datetime(2024, 11, 21, 1, 3, 45, 98843, tzinfo=datetime.timezone.utc), 'updated_at': datetime.datetime(2024, 11, 21, 1, 3, 45, 98871, tzinfo=datetime.timezone.utc)}
Received request to verify student
Student not found with email
Self-registration request received for email
Created student linked to institution ID: 1
Received request to verify student
Creating batch mapping for student
Updated count of students for batch
Generated JWT token for student
Exam started for student
Starting exam valuation for exam. Response: StudentBatchMapping object (63)student nameasf
Student marked as terminated.
Received request to verify student
Student not found with email
Self-registration request received for email
Created student linked to institution ID: 2
Received request to verify student
Creating batch mapping for student
Updated count of students for batch
Generated JWT token for student
Exam started for student
Starting exam valuation for exam. Response: StudentBatchMapping object (64)student nameasifllllld
Student marked as terminated.
Received request to verify student
Student not found with email
Self-registration request received for email
Created student linked to institution ID: 4
Received request to verify student
Creating batch mapping for student
Updated count of students for batch
Generated JWT token for student
Exam started for student
Exam started for student
Exam started for student
Exam started for student
Exam started for student
Exam started for student
Exam started for student
Exam started for student
Exam started for student
Received request to verify student
Student not found with email
Self-registration request received for email
Created student linked to institution ID: 4
Received request to verify student
Creating batch mapping for student
Updated count of students for batch
Generated JWT token for student
Exam started for student
Exam started for student
Exam started for student
Exam started for student
Exam started for student
Exam started for student
Exam started for student
Exam started for student
Exam started for student
Exam started for student
Exam started for student
Received request to verify student
Student not found with email
Self-registration request received for email
Created student linked to institution ID: 2
Received request to verify student
Creating batch mapping for student
Updated count of students for batch
Generated JWT token for student
Exam started for student
Exam started for student
Received request to verify student
Student not found with email
Self-registration request received for email
Created student linked to institution ID: 4
Received request to verify student
Creating batch mapping for student
Updated count of students for batch
Generated JWT token for student
Exam started for student
Exam started for student
Exam started for student
Starting exam valuation for exam. Response: StudentBatchMapping object (68)student nameasf
Successfully bulk created student responses.
Starting exam valuation for exam. Response: StudentBatchMapping object (68)student nameasf
Received request to verify student
Student not found with email
Self-registration request received for email
Created student linked to institution ID: 4
Received request to verify student
Creating batch mapping for student
Updated count of students for batch
Generated JWT token for student
Exam started for student
Exam started for student
Exam started for student
Exam started for student
Exam started for student
Exam started for student
Received request to verify student
Student not found with email
Self-registration request received for email
Created student linked to institution ID: 4
Received request to verify student
Creating batch mapping for student
Updated count of students for batch
Generated JWT token for student
Exam started for student
Starting exam valuation for exam. Response: StudentBatchMapping object (70)student nameasf
Successfully bulk created student responses.
Received request to verify student
Student not found with email
Self-registration request received for email
Created student linked to institution ID: 1
Received request to verify student
Creating batch mapping for student
Updated count of students for batch
Generated JWT token for student
Exam started for student
Exam started for student
Exam started for student
Exam started for student
Exam started for student
Exam started for student
Received request to verify student
Student is already mapped to a batch
Received request to verify student
Student not found with email
Self-registration request received for email
Created student linked to institution ID: 3
Received request to verify student
Creating batch mapping for student
Updated count of students for batch
Generated JWT token for student
Received request to verify student
Student not found with email
Self-registration request received for email
Created student linked to institution ID: 1
Received request to verify student
Creating batch mapping for student
Updated count of students for batch
Generated JWT token for student
Exam started for student
Received request to verify student
Student not found with email
Received request to verify student
Student not found with email
Self-registration request received for email
Created student linked to institution ID: 1
Received request to verify student
Creating batch mapping for student
Updated count of students for batch
Generated JWT token for student
Exam started for student
Received request to verify student
Student not found with email
Received request to verify student
Student not found with email
Self-registration request received for email
Created student linked to institution ID: 1
Received request to verify student
Creating batch mapping for student
Updated count of students for batch
Generated JWT token for student
Exam started for student
Received request to verify student
Student is already mapped to a batch
Received request to verify student
Student is already mapped to a batch
Received request to verify student
Student is already mapped to a batch
Received request to verify student
Student is already mapped to a batch
Received request to verify student
Student not found with email
Self-registration request received for email
Created student linked to institution ID: 1
Received request to verify student
Creating batch mapping for student
Updated count of students for batch
Generated JWT token for student
Exam started for student
Exam started for student
Exam started for student
Exam started for student
Received request to verify student
Student is already mapped to a batch
Received request to verify student
Student is already mapped to a batch
Received request to verify student
Student not found with email
Received request to verify student
Student not found with email
Received request to verify student
Student not found with email
Received request to verify student
Student not found with email
Received request to verify student
Student is already mapped to a batch
Received request to verify student
Student not found with email
Received request to verify student
Student not found with email
Self-registration request received for email
Created student linked to institution ID: 4
Received request to verify student
Creating batch mapping for student
Updated count of students for batch
Generated JWT token for student
Exam started for student
Exam started for student
Exam started for student
Exam started for student
Exam started for student
Exam started for student
Exam started for student
Exam started for student
Exam started for student
Exam started for student
Exam started for student
Exam started for student
Received request to verify student
Student is already mapped to a batch
Received request to verify student
Student not found with email
Self-registration request received for email
Created student linked to institution ID: 4
Received request to verify student
Creating batch mapping for student
Updated count of students for batch
Generated JWT token for student
Exam started for student
Exam started for student
Exam started for student
Exam started for student
Exam started for student
Exam started for student
Exam started for student
Exam started for student
Exam started for student
Exam started for student
Exam started for student
Exam started for student
Exam started for student
Exam started for student
Exam started for student
Exam started for student
Exam started for student
Exam started for student
Starting exam valuation for exam. Response: StudentBatchMapping object (77)student nameasif
Successfully bulk created student responses.
Received request to verify student
Student not found with email
Self-registration request received for email
Created student linked to institution ID: 1
Received request to verify student
Creating batch mapping for student
Updated count of students for batch
Generated JWT token for student
Exam started for student
Received request to verify student
Student not found with email
Self-registration request received for email
Created student linked to institution ID: 3
Received request to verify student
Creating batch mapping for student
Updated count of students for batch
Generated JWT token for student
Exam started for student
Received request to verify student
Student not found with email
Self-registration request received for email
Created student linked to institution ID: 4
Received request to verify student
Creating batch mapping for student
Updated count of students for batch
Generated JWT token for student
Exam started for student
Exam started for student
Exam started for student
Exam started for student
Exam started for student
Exam started for student
Exam started for student
Exam started for student
Exam started for student
Exam started for student
Exam started for student
Exam started for student
Exam started for student
Exam started for student
Exam started for student
Exam started for student
Exam started for student
Exam started for student
Exam started for student
Exam started for student
Exam started for student
Exam started for student
Exam started for student
Exam started for student
Exam started for student
Received request to verify student
Student not found with email
Self-registration request received for email
Created student linked to institution ID: 2
Received request to verify student
Creating batch mapping for student
Updated count of students for batch
Generated JWT token for student
Exam started for student
Starting exam valuation for exam. Response: StudentBatchMapping object (77)student nameasif
Starting exam valuation for exam. Response: StudentBatchMapping object (77)student nameasif
Starting exam valuation for exam. Response: StudentBatchMapping object (77)student nameasif
Starting exam valuation for exam. Response: StudentBatchMapping object (77)student nameasif
Received request to verify student
Student is already mapped to a batch
Received request to verify student
Student not found with email
Self-registration request received for email
Created student linked to institution ID: 2
Received request to verify student
Creating batch mapping for student
Updated count of students for batch
Generated JWT token for student
Starting exam valuation for exam. Response: StudentBatchMapping object (77)student nameasif
Starting exam valuation for exam. Response: StudentBatchMapping object (77)student nameasif
Starting exam valuation for exam. Response: StudentBatchMapping object (77)student nameasif
Starting exam valuation for exam. Response: StudentBatchMapping object (77)student nameasif
Starting exam valuation for exam. Response: StudentBatchMapping object (77)student nameasif
Starting exam valuation for exam. Response: StudentBatchMapping object (77)student nameasif
Exam started for student
Exam started for student
Exam started for student
Exam started for student
Exam started for student
Exam started for student
Exam started for student
Exam started for student
Exam started for student
Exam started for student
Exam started for student
Exam started for student
Exam started for student
Received request to verify student
Student is already mapped to a batch
Received request to verify student
Student is already mapped to a batch
Received request to verify student
Validation error occurred: {'errorCode': 'e2002', 'errorMsg': 'Invalid email'}
Received request to verify student
Student not found with email
Self-registration request received for email
Created student linked to institution ID: 3
Received request to verify student
Creating batch mapping for student
Updated count of students for batch
Generated JWT token for student
Exam started for student
Exam started for student
Exam started for student
Exam started for student
Exam started for student
Exam started for student
Received request to verify student
Validation error occurred: {'errorCode': 'e2002', 'errorMsg': 'Invalid email'}
Received request to verify student
Student not found with email
Self-registration request received for email
Created student linked to institution ID: 3
Received request to verify student
Creating batch mapping for student
Updated count of students for batch
Generated JWT token for student
Received request to verify student
Student not found with email
Self-registration request received for email
Created student linked to institution ID: 3
Received request to verify student
Creating batch mapping for student
Updated count of students for batch
Generated JWT token for student
Exam started for student
Exam started for student
Exam started for student
Exam started for student
Received request to verify student
Student not found with email
Self-registration request received for email
Created student linked to institution ID: 4
Received request to verify student
Creating batch mapping for student
Updated count of students for batch
Generated JWT token for student
Exam started for student
Exam started for student
Exam started for student
Exam started for student
Exam started for student
Starting exam valuation for exam. Response: StudentBatchMapping object (77)student nameasif
Received request to verify student
Student not found with email
Self-registration request received for email
Created student linked to institution ID: 4
Received request to verify student
Creating batch mapping for student
Updated count of students for batch
Generated JWT token for student
Exam started for student
Received request to verify student
Student not found with email
Self-registration request received for email
Created student linked to institution ID: 3
Received request to verify student
Creating batch mapping for student
Updated count of students for batch
Generated JWT token for student
Exam started for student
Received request to verify student
Student not found with email
Self-registration request received for email
Created student linked to institution ID: 2
Received request to verify student
Creating batch mapping for student
Updated count of students for batch
Generated JWT token for student
Exam started for student
Received request to verify student
Student is already mapped to a batch
Received request to verify student
Student not found with email
Self-registration request received for email
Created student linked to institution ID: 4
Received request to verify student
Creating batch mapping for student
Updated count of students for batch
Generated JWT token for student
Exam started for student
Received request to verify student
Student is already mapped to a batch
Received request to verify student
Student not found with email
Self-registration request received for email
Created student linked to institution ID: 1
Received request to verify student
Creating batch mapping for student
Updated count of students for batch
Generated JWT token for student
Exam started for student
Received request to verify student
Student not found with email
Self-registration request received for email
Created student linked to institution ID: 3
Received request to verify student
Creating batch mapping for student
Updated count of students for batch
Generated JWT token for student
Exam started for student
Received request to verify student
Student not found with email
Self-registration request received for email
Created student linked to institution ID: 2
Received request to verify student
Creating batch mapping for student
Updated count of students for batch
Generated JWT token for student
Exam started for student
Received request to verify student
Student not found with email
Self-registration request received for email
Created student linked to institution ID: 4
Received request to verify student
Creating batch mapping for student
Updated count of students for batch
Generated JWT token for student
Exam started for student
Starting exam valuation for exam. Response: StudentBatchMapping object (77)student nameasif
Received request to verify student
Student not found with email
Self-registration request received for email
Created student linked to institution ID: 3
Received request to verify student
Creating batch mapping for student
Updated count of students for batch
Generated JWT token for student
Exam started for student
Starting exam valuation for exam. Response: StudentBatchMapping object (77)student nameasif
Starting exam valuation for exam. Response: StudentBatchMapping object (77)student nameasif
Starting exam valuation for exam. Response: StudentBatchMapping object (77)student nameasif
Starting exam valuation for exam. Response: StudentBatchMapping object (77)student nameasif
Starting exam valuation for exam. Response: StudentBatchMapping object (77)student nameasif
Exam started for student
Starting exam valuation for exam. Response: StudentBatchMapping object (77)student nameasif
Starting exam valuation for exam. Response: StudentBatchMapping object (77)student nameasif
Received request to verify student
Student not found with email
Self-registration request received for email
Created student linked to institution ID: 3
Received request to verify student
Creating batch mapping for student
Updated count of students for batch
Generated JWT token for student
Exam started for student
Starting exam valuation for exam. Response: StudentBatchMapping object (77)student nameasif
Starting exam valuation for exam. Response: StudentBatchMapping object (77)student nameasif
Exam started for student
Received request to verify student
Student not found with email
Self-registration request received for email
Created student linked to institution ID: 3
Received request to verify student
Creating batch mapping for student
Updated count of students for batch
Generated JWT token for student
Exam started for student
Starting exam valuation for exam. Response: StudentBatchMapping object (77)student nameasif
Starting exam valuation for exam. Response: StudentBatchMapping object (77)student nameasif
Received request to verify student
Student not found with email
Self-registration request received for email
Created student linked to institution ID: 3
Received request to verify student
Creating batch mapping for student
Updated count of students for batch
Generated JWT token for student
Exam started for student
Received request to verify student
Student not found with email
Self-registration request received for email
Created student linked to institution ID: 3
Received request to verify student
Creating batch mapping for student
Updated count of students for batch
Generated JWT token for student
Exam started for student
Received request to verify student
Student not found with email
Self-registration request received for email
Created student linked to institution ID: 3
Received request to verify student
Creating batch mapping for student
Updated count of students for batch
Generated JWT token for student
Exam started for student
Starting exam valuation for exam. Response: StudentBatchMapping object (101)student nameJuan Francisco dd
Successfully bulk created student responses.
Starting exam valuation for exam. Response: StudentBatchMapping object (101)student nameJuan Francisco dd
Received request to verify student
Student not found with email
Self-registration request received for email
Created student linked to institution ID: 4
Received request to verify student
Creating batch mapping for student
Updated count of students for batch
Generated JWT token for student
Exam started for student
Starting exam valuation for exam. Response: StudentBatchMapping object (77)student nameasif
Starting exam valuation for exam. Response: StudentBatchMapping object (77)student nameasif
Starting exam valuation for exam. Response: StudentBatchMapping object (77)student nameasif
Starting exam valuation for exam. Response: StudentBatchMapping object (77)student nameasif
Starting exam valuation for exam. Response: StudentBatchMapping object (77)student nameasif
Received request to verify student
Student not found with email
Self-registration request received for email
Created student linked to institution ID: 1
Received request to verify student
Creating batch mapping for student
Updated count of students for batch
Generated JWT token for student
Exam started for student
Received request to verify student
Student not found with email
Self-registration request received for email
Created student linked to institution ID: 3
Received request to verify student
Creating batch mapping for student
Updated count of students for batch
Generated JWT token for student
Exam started for student
Starting exam valuation for exam. Response: StudentBatchMapping object (104)student nameasfdas
Successfully bulk created student responses.
Starting exam valuation for exam. Response: StudentBatchMapping object (77)student nameasif
Starting exam valuation for exam. Response: StudentBatchMapping object (77)student nameasif
Starting exam valuation for exam. Response: StudentBatchMapping object (77)student nameasif
Starting exam valuation for exam. Response: StudentBatchMapping object (77)student nameasif
Starting exam valuation for exam. Response: StudentBatchMapping object (77)student nameasif
Starting exam valuation for exam. Response: StudentBatchMapping object (77)student nameasif
Starting exam valuation for exam. Response: StudentBatchMapping object (77)student nameasif
Starting exam valuation for exam. Response: StudentBatchMapping object (77)student nameasif
Received request to verify student
Student not found with email
Self-registration request received for email
Created student linked to institution ID: 2
Received request to verify student
Creating batch mapping for student
Updated count of students for batch
Generated JWT token for student
Exam started for student
Starting exam valuation for exam. Response: StudentBatchMapping object (105)student nameasif
Successfully bulk created student responses.
Starting exam valuation for exam. Response: StudentBatchMapping object (77)student nameasif
Starting exam valuation for exam. Response: StudentBatchMapping object (77)student nameasif
Starting exam valuation for exam. Response: StudentBatchMapping object (77)student nameasif
Starting exam valuation for exam. Response: StudentBatchMapping object (77)student nameasif
Starting exam valuation for exam. Response: StudentBatchMapping object (77)student nameasif
Starting exam valuation for exam. Response: StudentBatchMapping object (77)student nameasif
Starting exam valuation for exam. Response: StudentBatchMapping object (77)student nameasif
Starting exam valuation for exam. Response: StudentBatchMapping object (77)student nameasif
Received request to verify student
Student not found with email
Self-registration request received for email
Created student linked to institution ID: 2
Received request to verify student
Creating batch mapping for student
Updated count of students for batch
Generated JWT token for student
Exam started for student
Starting exam valuation for exam. Response: StudentBatchMapping object (77)student nameasif
Starting exam valuation for exam. Response: StudentBatchMapping object (77)student nameasif
Starting exam valuation for exam. Response: StudentBatchMapping object (77)student nameasif
Starting exam valuation for exam. Response: StudentBatchMapping object (77)student nameasif
Starting exam valuation for exam. Response: StudentBatchMapping object (77)student nameasif
Starting exam valuation for exam. Response: StudentBatchMapping object (77)student nameasif
Starting exam valuation for exam. Response: StudentBatchMapping object (77)student nameasif
Starting exam valuation for exam. Response: StudentBatchMapping object (77)student nameasif
Starting exam valuation for exam. Response: StudentBatchMapping object (106)student name        hi new student    
Successfully bulk created student responses.
Start feedback post
Feedback created for student:         hi new student    , Rating: 2
Feedback response prepared: {'rating': 2, 'comment': None, 'student_name': '        hi new student    ', 'status': True, 'created_at': datetime.datetime(2024, 11, 21, 11, 42, 1, 706782, tzinfo=datetime.timezone.utc), 'updated_at': datetime.datetime(2024, 11, 21, 11, 42, 1, 706809, tzinfo=datetime.timezone.utc)}
Received request to verify student
Student not found with email
Self-registration request received for email
Created student linked to institution ID: 1
Received request to verify student
Creating batch mapping for student
Updated count of students for batch
Generated JWT token for student
Exam started for student
Starting exam valuation for exam. Response: StudentBatchMapping object (77)student nameasif
Starting exam valuation for exam. Response: StudentBatchMapping object (77)student nameasif
Starting exam valuation for exam. Response: StudentBatchMapping object (77)student nameasif
Starting exam valuation for exam. Response: StudentBatchMapping object (77)student nameasif
Starting exam valuation for exam. Response: StudentBatchMapping object (77)student nameasif
Starting exam valuation for exam. Response: StudentBatchMapping object (77)student nameasif
Starting exam valuation for exam. Response: StudentBatchMapping object (77)student nameasif
Starting exam valuation for exam. Response: StudentBatchMapping object (77)student nameasif
Starting exam valuation for exam. Response: StudentBatchMapping object (107)student nameasif
Successfully bulk created student responses.
Start feedback post
Feedback created for student: asif, Rating: 3
Feedback response prepared: {'rating': 3, 'comment': None, 'student_name': 'asif', 'status': True, 'created_at': datetime.datetime(2024, 11, 21, 12, 5, 39, 826029, tzinfo=datetime.timezone.utc), 'updated_at': datetime.datetime(2024, 11, 21, 12, 5, 39, 826059, tzinfo=datetime.timezone.utc)}
Received request to verify student
Student not found with email
Self-registration request received for email
Created student linked to institution ID: 3
Received request to verify student
Creating batch mapping for student
Updated count of students for batch
Generated JWT token for student
Exam started for student
Starting exam valuation for exam. Response: StudentBatchMapping object (77)student nameasif
Starting exam valuation for exam. Response: StudentBatchMapping object (77)student nameasif
Starting exam valuation for exam. Response: StudentBatchMapping object (77)student nameasif
Starting exam valuation for exam. Response: StudentBatchMapping object (77)student nameasif
Starting exam valuation for exam. Response: StudentBatchMapping object (77)student nameasif
Starting exam valuation for exam. Response: StudentBatchMapping object (77)student nameasif
Starting exam valuation for exam. Response: StudentBatchMapping object (77)student nameasif
Starting exam valuation for exam. Response: StudentBatchMapping object (77)student nameasif
Starting exam valuation for exam. Response: StudentBatchMapping object (108)student name        hi new student    
Successfully bulk created student responses.
Received request to verify student
Student not found with email
Self-registration request received for email
Created student linked to institution ID: 4
Received request to verify student
Creating batch mapping for student
Updated count of students for batch
Generated JWT token for student
Exam started for student
Starting exam valuation for exam. Response: StudentBatchMapping object (77)student nameasif
Starting exam valuation for exam. Response: StudentBatchMapping object (77)student nameasif
Starting exam valuation for exam. Response: StudentBatchMapping object (77)student nameasif
Starting exam valuation for exam. Response: StudentBatchMapping object (77)student nameasif
Starting exam valuation for exam. Response: StudentBatchMapping object (77)student nameasif
Starting exam valuation for exam. Response: StudentBatchMapping object (77)student nameasif
Starting exam valuation for exam. Response: StudentBatchMapping object (77)student nameasif
Starting exam valuation for exam. Response: StudentBatchMapping object (77)student nameasif
Exam started for student
Received request to verify student
Student not found with email
Self-registration request received for email
Created student linked to institution ID: 4
Received request to verify student
Creating batch mapping for student
Updated count of students for batch
Generated JWT token for student
Exam started for student
Starting exam valuation for exam. Response: StudentBatchMapping object (110)student name        hi new student    
Student marked as terminated.
Received request to verify student
Student is already mapped to a batch
Received request to verify student
Student is already mapped to a batch
Received request to verify student
Student is already mapped to a batch
Received request to verify student
Student is already mapped to a batch
Received request to verify student
Student is already mapped to a batch
Received request to verify student
Student is already mapped to a batch
Received request to verify student
Student is already mapped to a batch
Received request to verify student
Student is already mapped to a batch
Received request to verify student
Student is already mapped to a batch
Received request to verify student
Student is already mapped to a batch
Received request to verify student
Student is already mapped to a batch
Received request to verify student
Student is already mapped to a batch
Received request to verify student
Student not found with email
Starting exam valuation for exam. Response: StudentBatchMapping object (77)student nameasif
Starting exam valuation for exam. Response: StudentBatchMapping object (77)student nameasif
Starting exam valuation for exam. Response: StudentBatchMapping object (77)student nameasif
Starting exam valuation for exam. Response: StudentBatchMapping object (77)student nameasif
Starting exam valuation for exam. Response: StudentBatchMapping object (77)student nameasif
Starting exam valuation for exam. Response: StudentBatchMapping object (77)student nameasif
Starting exam valuation for exam. Response: StudentBatchMapping object (77)student nameasif
Starting exam valuation for exam. Response: StudentBatchMapping object (77)student nameasif
Received request to verify student
Student not found with email
Self-registration request received for email
Created student linked to institution ID: 2
Received request to verify student
Creating batch mapping for student
Updated count of students for batch
Generated JWT token for student
Received request to verify student
Student not found with email
Self-registration request received for email
Created student linked to institution ID: 1
Received request to verify student
Creating batch mapping for student
Updated count of students for batch
Generated JWT token for student
Received request to verify student
Student not found with email
Self-registration request received for email
Created student linked to institution ID: 3
Received request to verify student
Creating batch mapping for student
Updated count of students for batch
Generated JWT token for student
Received request to verify student
Student not found with email
Self-registration request received for email
Created student linked to institution ID: 1
Received request to verify student
Creating batch mapping for student
Updated count of students for batch
Generated JWT token for student
Received request to verify student
Student not found with email
Self-registration request received for email
Created student linked to institution ID: 3
Received request to verify student
Creating batch mapping for student
Updated count of students for batch
Generated JWT token for student
Received request to verify student
Student not found with email
Self-registration request received for email
Created student linked to institution ID: 2
Received request to verify student
Creating batch mapping for student
Updated count of students for batch
Generated JWT token for student
Received request to verify student
Student not found with email
Self-registration request received for email
Created student linked to institution ID: 3
Received request to verify student
Creating batch mapping for student
Updated count of students for batch
Generated JWT token for student
Exam started for student
Starting exam valuation for exam. Response: StudentBatchMapping object (117)student nameasifllllld
Student marked as terminated.
Received request to verify student
Student is already mapped to a batch
Received request to verify student
Student not found with email
Self-registration request received for email
Created student linked to institution ID: 3
Received request to verify student
Creating batch mapping for student
Updated count of students for batch
Generated JWT token for student
Exam started for student
Exam started for student
Exam started for student
Exam started for student
Starting exam valuation for exam. Response: StudentBatchMapping object (118)student nameasifllllldd
Student marked as terminated.
Received request to verify student
Student not found with email
Self-registration request received for email
Created student linked to institution ID: 1
Received request to verify student
Creating batch mapping for student
Updated count of students for batch
Generated JWT token for student
Exam started for student
Starting exam valuation for exam. Response: StudentBatchMapping object (119)student nameasif
Student marked as terminated.
Self-registration request received for email
Created student linked to institution ID: 3
Received request to verify student
Creating batch mapping for student
Updated count of students for batch
Generated JWT token for student
Received request to verify student
Student not found with email
Self-registration request received for email
Created student linked to institution ID: 2
Received request to verify student
Creating batch mapping for student
Updated count of students for batch
Generated JWT token for student
Exam started for student
Exam started for student
Received request to verify student
Student not found with email
Self-registration request received for email
Created student linked to institution ID: 2
Received request to verify student
Creating batch mapping for student
Updated count of students for batch
Generated JWT token for student
Starting exam valuation for exam. Response: StudentBatchMapping object (122)student nameasf
Start feedback post
Start feedback post
Start feedback post
Start feedback post
Start feedback post
Start feedback post
Start feedback post
Start feedback post
Start feedback post
Start feedback post
Received request to verify student
Student not found with email
Self-registration request received for email
Created student linked to institution ID: 3
Received request to verify student
Creating batch mapping for student
Updated count of students for batch
Generated JWT token for student
Starting exam valuation for exam. Response: StudentBatchMapping object (123)student nameasifllllld
Received request to verify student
Validation error occurred: {'errorCode': 'e2002', 'errorMsg': 'Invalid email'}
Received request to verify student
Student not found with email
Self-registration request received for email
Created student linked to institution ID: 2
Received request to verify student
Creating batch mapping for student
Updated count of students for batch
Generated JWT token for student
Starting exam valuation for exam. Response: StudentBatchMapping object (124)student nameasif
Received request to verify student
Student is already mapped to a batch
Received request to verify student
Student not found with email
Self-registration request received for email
Created student linked to institution ID: 3
Received request to verify student
Creating batch mapping for student
Updated count of students for batch
Generated JWT token for student
Exam started for student
Exam started for student
Exam started for student
Received request to verify student
Student not found with email
Self-registration request received for email
Created student linked to institution ID: 3
Received request to verify student
Creating batch mapping for student
Updated count of students for batch
Generated JWT token for student
Exam started for student
Starting exam valuation for exam. Response: StudentBatchMapping object (126)student name        hi new student    
Student marked as terminated.
Starting exam valuation for exam. Response: StudentBatchMapping object (125)student nameJuan Francisco dd
Student marked as terminated.
Received request to verify student
Student not found with email
Self-registration request received for email
Created student linked to institution ID: 3
Received request to verify student
Creating batch mapping for student
Updated count of students for batch
Generated JWT token for student
Exam started for student
Starting exam valuation for exam. Response: StudentBatchMapping object (127)student name        hi new student    
Student marked as terminated.
Received request to verify student
Student not found with email
Self-registration request received for email
Created student linked to institution ID: 3
Received request to verify student
Creating batch mapping for student
Updated count of students for batch
Generated JWT token for student
Exam started for student
Starting exam valuation for exam. Response: StudentBatchMapping object (128)student nameasif nwewwwwwwww
Student marked as terminated.
Received request to verify student
Student is already mapped to a batch
Received request to verify student
Student not found with email
Self-registration request received for email
Created student linked to institution ID: 1
Received request to verify student
Creating batch mapping for student
Updated count of students for batch
Generated JWT token for student
Exam started for student
Exam started for student
Exam started for student
Exam started for student
Exam started for student
Exam started for student
Exam started for student
Received request to verify student
Student not found with email
Self-registration request received for email
Created student linked to institution ID: 4
Received request to verify student
Creating batch mapping for student
Updated count of students for batch
Generated JWT token for student
Exam started for student
Exam started for student
Starting exam valuation for exam. Response: StudentBatchMapping object (130)student name        hi new student    
Student marked as terminated.
Received request to verify student
Student is already mapped to a batch
Received request to verify student
Student not found with email
Self-registration request received for email
Created student linked to institution ID: 4
Received request to verify student
Creating batch mapping for student
Updated count of students for batch
Generated JWT token for student
Exam started for student
Starting exam valuation for exam. Response: StudentBatchMapping object (131)student nameteseter
Student marked as terminated.
Received request to verify student
Student is already mapped to a batch
Received request to verify student
Student is already mapped to a batch
Received request to verify student
Student is already mapped to a batch
Received request to verify student
Student is already mapped to a batch
Received request to verify student
Student is already mapped to a batch
Received request to verify student
Student not found with email
Self-registration request received for email
Created student linked to institution ID: 3
Received request to verify student
Creating batch mapping for student
Updated count of students for batch
Generated JWT token for student
Exam started for student
Starting exam valuation for exam. Response: StudentBatchMapping object (132)student nameJuan Francisco dd
Student marked as terminated.
Received request to verify student
Student is already mapped to a batch
Received request to verify student
Student is already mapped to a batch
Received request to verify student
Student is already mapped to a batch
Received request to verify student
Student is already mapped to a batch
Received request to verify student
Student is already mapped to a batch
Received request to verify student
Student is already mapped to a batch
Received request to verify student
Student is already mapped to a batch
Received request to verify student
Student is already mapped to a batch
Received request to verify student
Student is already mapped to a batch
Received request to verify student
Student is already mapped to a batch
Received request to verify student
Student is already mapped to a batch
Received request to verify student
Student is already mapped to a batch
Received request to verify student
Student is already mapped to a batch
Received request to verify student
Student is already mapped to a batch
Received request to verify student
Student is already mapped to a batch
Received request to verify student
Student is already mapped to a batch
Received request to verify student
Student is already mapped to a batch
Received request to verify student
Student is already mapped to a batch
Received request to verify student
Student is already mapped to a batch
Received request to verify student
Student is already mapped to a batch
Received request to verify student
Student is already mapped to a batch
Exam started for student
Received request to verify student
Student not found with email
Self-registration request received for email
Created student linked to institution ID: 2
Received request to verify student
Creating batch mapping for student
Updated count of students for batch
Generated JWT token for student
Received request to verify student
Student not found with email
Self-registration request received for email
Created student linked to institution ID: 2
Received request to verify student
Creating batch mapping for student
Updated count of students for batch
Generated JWT token for student
Exam started for student
Starting exam valuation for exam. Response: StudentBatchMapping object (134)student namesdfas
Student marked as terminated.
Received request to verify student
Student is already mapped to a batch
Received request to verify student
Student not found with email
Self-registration request received for email
Created student linked to institution ID: 2
Received request to verify student
Creating batch mapping for student
Updated count of students for batch
Generated JWT token for student
Exam started for student
Starting exam valuation for exam. Response: StudentBatchMapping object (135)student nameasssdd
Student marked as terminated.
Received request to verify student
Student is already mapped to a batch
Received request to verify student
Student is already mapped to a batch
Received request to verify student
Student is already mapped to a batch
Exam started for student
Exam started for student
Exam started for student
Exam started for student
Exam started for student
Received request to verify student
Student is already mapped to a batch
Received request to verify student
Student not found with email
Self-registration request received for email
Created student linked to institution ID: 2
Received request to verify student
Creating batch mapping for student
Updated count of students for batch
Generated JWT token for student
Received request to verify student
Student is already mapped to a batch
Received request to verify student
Student not found with email
Self-registration request received for email
Created student linked to institution ID: 2
Received request to verify student
Creating batch mapping for student
Updated count of students for batch
Generated JWT token for student
Received request to verify student
Student is already mapped to a batch
Received request to verify student
Student not found with email
Self-registration request received for email
Created student linked to institution ID: 3
Received request to verify student
Creating batch mapping for student
Updated count of students for batch
Generated JWT token for student
Received request to verify student
Student not found with email
Self-registration request received for email
Created student linked to institution ID: 1
Received request to verify student
Creating batch mapping for student
Updated count of students for batch
Generated JWT token for student
Received request to verify student
Student not found with email
Self-registration request received for email
Created student linked to institution ID: 4
Received request to verify student
Creating batch mapping for student
Updated count of students for batch
Generated JWT token for student
Received request to verify student
Student not found with email
Self-registration request received for email
Created student linked to institution ID: 4
Received request to verify student
Creating batch mapping for student
Updated count of students for batch
Generated JWT token for student
Exam started for student
Starting exam valuation for exam. Response: StudentBatchMapping object (141)student nameasif
Student marked as terminated.
Received request to verify student
Student is already mapped to a batch
Received request to verify student
Student is already mapped to a batch
Exam started for student
Received request to verify student
Student not found with email
Self-registration request received for email
Created student linked to institution ID: 3
Received request to verify student
Creating batch mapping for student
Updated count of students for batch
Generated JWT token for student
Exam started for student
Starting exam valuation for exam. Response: StudentBatchMapping object (142)student nameasdfsaa
Student marked as terminated.
Received request to verify student
Student is already mapped to a batch
Exam started for student
Received request to verify student
Student is already mapped to a batch
Exam started for student
Received request to verify student
Student is already mapped to a batch
Exam started for student
Received request to verify student
Student is already mapped to a batch
Exam started for student
Received request to verify student
Validation error occurred: {'errorCode': 'e1111', 'errorMsg': 'Invalid batch id'}
Received request to verify student
Student not found with email
Self-registration request received for email
Created student linked to institution ID: 4
Received request to verify student
Creating batch mapping for student
Updated count of students for batch
Generated JWT token for student
Exam started for student
Starting exam valuation for exam. Response: StudentBatchMapping object (143)student name        hi new student    
Student marked as terminated.
Received request to verify student
Student is already mapped to a batch
Received request to verify student
Student is already mapped to a batch
Received request to verify student
Student is already mapped to a batch
Received request to verify student
Student is already mapped to a batch
Exam started for student
Exam started for student
Exam started for student
Exam started for student
Exam started for student
Received request to verify student
Student not found with email
Self-registration request received for email
Created student linked to institution ID: 2
Received request to verify student
Creating batch mapping for student
Updated count of students for batch
Generated JWT token for student
Exam started for student
Starting exam valuation for exam. Response: StudentBatchMapping object (144)student nameone
Student marked as terminated.
Received request to verify student
Student is already mapped to a batch
Exam started for student
Exam started for student
Exam started for student
Starting exam valuation for exam. Response: StudentBatchMapping object (144)student nameone
Student marked as terminated.
Received request to verify student
Student is already mapped to a batch
Exam started for student
Exam started for student
Exam started for student
Exam started for student
Exam started for student
Exam started for student
Received request to verify student
Student not found with email
Self-registration request received for email
Created student linked to institution ID: 2
Received request to verify student
Creating batch mapping for student
Updated count of students for batch
Generated JWT token for student
Exam started for student
Starting exam valuation for exam. Response: StudentBatchMapping object (145)student nameJuan Francisco dd
Student marked as terminated.
Received request to verify student
Student is already mapped to a batch
Received request to verify student
Student is already mapped to a batch
Exam started for student
Starting exam valuation for exam. Response: StudentBatchMapping object (145)student nameJuan Francisco dd
Successfully bulk created student responses.
Received request to verify student
Student not found with email
Self-registration request received for email
Created student linked to institution ID: 3
Received request to verify student
Creating batch mapping for student
Updated count of students for batch
Generated JWT token for student
Exam started for student
Exam started for student
Exam started for student
Exam started for student
Exam started for student
Exam started for student
Received request to verify student
Student not found with email
Self-registration request received for email
Created student linked to institution ID: 2
Received request to verify student
Creating batch mapping for student
Updated count of students for batch
Generated JWT token for student
Exam started for student
Exam started for student
Exam started for student
Exam started for student
Exam started for student
Exam started for student
Exam started for student
Exam started for student
Exam started for student
Exam started for student
Exam started for student
Exam started for student
Exam started for student
Exam started for student
Starting exam valuation for exam. Response: StudentBatchMapping object (147)student nameasif
An unexpected error occurred: 'list' object has no attribute 'get'
Traceback (most recent call last):
  File "/home/asifnp/Documents/phase-2/recruit-system/server/valuation_management/views.py", line 73, in post
    action = request.data.get("action")
AttributeError: 'list' object has no attribute 'get'
Exam started for student
Exam started for student
Exam started for student
Starting exam valuation for exam. Response: StudentBatchMapping object (147)student nameasif
An unexpected error occurred: 'list' object has no attribute 'get'
Traceback (most recent call last):
  File "/home/asifnp/Documents/phase-2/recruit-system/server/valuation_management/views.py", line 73, in post
    action = request.data.get("action")
AttributeError: 'list' object has no attribute 'get'
Starting exam valuation for exam. Response: StudentBatchMapping object (147)student nameasif
Student marked as terminated.
Received request to verify student
Student not found with email
Self-registration request received for email
Created student linked to institution ID: 2
Received request to verify student
Creating batch mapping for student
Updated count of students for batch
Generated JWT token for student
Exam started for student
Starting exam valuation for exam. Response: StudentBatchMapping object (148)student namethree
An unexpected error occurred: 'list' object has no attribute 'get'
Traceback (most recent call last):
  File "/home/asifnp/Documents/phase-2/recruit-system/server/valuation_management/views.py", line 73, in post
    action = request.data.get("action")
AttributeError: 'list' object has no attribute 'get'
Received request to verify student
Student not found with email
Self-registration request received for email
Created student linked to institution ID: 4
Received request to verify student
Creating batch mapping for student
Updated count of students for batch
Generated JWT token for student
Exam started for student
Starting exam valuation for exam. Response: StudentBatchMapping object (149)student nameffff
Successfully bulk created student responses.
Starting exam valuation for exam. Response: StudentBatchMapping object (149)student nameffff
Received request to verify student
Student not found with email
Self-registration request received for email
Created student linked to institution ID: 4
Received request to verify student
Creating batch mapping for student
Updated count of students for batch
Generated JWT token for student
Exam started for student
Starting exam valuation for exam. Response: StudentBatchMapping object (150)student namebbb
Student marked as terminated.
Received request to verify student
Student is already mapped to a batch
Exam started for student
Starting exam valuation for exam. Response: StudentBatchMapping object (150)student namebbb
Successfully bulk created student responses.
Start feedback post
Feedback created for student: bbb, Rating: 4
Feedback response prepared: {'rating': 4, 'comment': None, 'student_name': 'bbb', 'status': True, 'created_at': datetime.datetime(2024, 11, 22, 5, 7, 35, 893285, tzinfo=datetime.timezone.utc), 'updated_at': datetime.datetime(2024, 11, 22, 5, 7, 35, 893324, tzinfo=datetime.timezone.utc)}
Received request to verify student
Student not found with email
Self-registration request received for email
Created student linked to institution ID: 2
Received request to verify student
Creating batch mapping for student
Updated count of students for batch
Generated JWT token for student
Exam started for student
Starting exam valuation for exam. Response: StudentBatchMapping object (151)student nameserv
An unexpected error occurred: 'list' object has no attribute 'get'
Traceback (most recent call last):
  File "/home/asifnp/Documents/phase-2/recruit-system/server/valuation_management/views.py", line 73, in post
    action = request.data.get("action")
AttributeError: 'list' object has no attribute 'get'
Starting exam valuation for exam. Response: StudentBatchMapping object (151)student nameserv
An unexpected error occurred: 'list' object has no attribute 'get'
Traceback (most recent call last):
  File "/home/asifnp/Documents/phase-2/recruit-system/server/valuation_management/views.py", line 73, in post
    action = request.data.get("action")
AttributeError: 'list' object has no attribute 'get'
Starting exam valuation for exam. Response: StudentBatchMapping object (151)student nameserv
Successfully bulk created student responses.
Start feedback post
Feedback created for student: serv, Rating: 4
Feedback response prepared: {'rating': 4, 'comment': None, 'student_name': 'serv', 'status': True, 'created_at': datetime.datetime(2024, 11, 22, 5, 10, 32, 725144, tzinfo=datetime.timezone.utc), 'updated_at': datetime.datetime(2024, 11, 22, 5, 10, 32, 725181, tzinfo=datetime.timezone.utc)}
Received request to verify student
Student not found with email
Self-registration request received for email
Created student linked to institution ID: 2
Received request to verify student
Creating batch mapping for student
Updated count of students for batch
Generated JWT token for student
Exam started for student
Starting exam valuation for exam. Response: StudentBatchMapping object (152)student nameservicee
Starting exam valuation for exam. Response: StudentBatchMapping object (152)student nameservicee
Starting exam valuation for exam. Response: StudentBatchMapping object (152)student nameservicee
Starting exam valuation for exam. Response: StudentBatchMapping object (152)student nameservicee
Successfully bulk created student responses.
Start feedback post
Feedback created for student: servicee, Rating: 5
Feedback response prepared: {'rating': 5, 'comment': 'he\nfsdfsaf', 'student_name': 'servicee', 'status': True, 'created_at': datetime.datetime(2024, 11, 22, 5, 16, 53, 702586, tzinfo=datetime.timezone.utc), 'updated_at': datetime.datetime(2024, 11, 22, 5, 16, 53, 702622, tzinfo=datetime.timezone.utc)}
Received request to verify student
Creating batch mapping for student
Updated count of students for batch
Generated JWT token for student
Exam started for student
Starting exam valuation for exam. Response: StudentBatchMapping object (153)student nameone
Exam started for student
Exam started for student
Exam started for student
Exam started for student
Exam started for student
Exam started for student
Exam started for student
Exam started for student
Exam started for student
Exam started for student
Exam started for student
Exam started for student
Exam started for student
Starting exam valuation for exam. Response: StudentBatchMapping object (153)student nameone
Student marked as terminated.
Received request to verify student
Creating batch mapping for student
Updated count of students for batch
Generated JWT token for student
Exam started for student
Starting exam valuation for exam. Response: StudentBatchMapping object (154)student nameone
Successfully bulk created student responses.
Starting exam valuation for exam. Response: StudentBatchMapping object (154)student nameone
Starting exam valuation for exam. Response: StudentBatchMapping object (154)student nameone
Starting exam valuation for exam. Response: StudentBatchMapping object (154)student nameone
Starting exam valuation for exam. Response: StudentBatchMapping object (154)student nameone
Received request to verify student
Student not found with email
Self-registration request received for email
Created student linked to institution ID: 3
Received request to verify student
Creating batch mapping for student
Updated count of students for batch
Generated JWT token for student
Exam started for student
Starting exam valuation for exam. Response: StudentBatchMapping object (155)student nameten
Student marked as terminated.
Received request to verify student
Student is already mapped to a batch
Exam started for student
Starting exam valuation for exam. Response: StudentBatchMapping object (155)student nameten
Student marked as terminated.
Received request to verify student
Student is already mapped to a batch
Received request to verify student
Student not found with email
Self-registration request received for email
Created student linked to institution ID: 4
Received request to verify student
Creating batch mapping for student
Updated count of students for batch
Generated JWT token for student
Exam started for student
Starting exam valuation for exam. Response: StudentBatchMapping object (156)student namenini
Student marked as terminated.
Received request to verify student
Student is already mapped to a batch
Exam started for student
Starting exam valuation for exam. Response: StudentBatchMapping object (156)student namenini
Student marked as terminated.
Received request to verify student
Student is already mapped to a batch
Exam started for student
Starting exam valuation for exam. Response: StudentBatchMapping object (156)student namenini
Student marked as terminated.
Received request to verify student
Student not found with email
Self-registration request received for email
Created student linked to institution ID: 3
Received request to verify student
Creating batch mapping for student
Updated count of students for batch
Generated JWT token for student
Exam started for student
Exam started for student
Starting exam valuation for exam. Response: StudentBatchMapping object (157)student namefailure
Student marked as terminated.
Received request to verify student
Student not found with email
Received request to verify student
Student is already mapped to a batch
Exam started for student
Starting exam valuation for exam. Response: StudentBatchMapping object (157)student namefailure
Successfully bulk created student responses.
Received request to verify student
Student not found with email
Self-registration request received for email
Created student linked to institution ID: 3
Received request to verify student
Creating batch mapping for student
Updated count of students for batch
Generated JWT token for student
Exam started for student
Received request to verify student
Student not found with email
Starting exam valuation for exam. Response: StudentBatchMapping object (158)student nametest
Successfully bulk created student responses.
Self-registration request received for email
Created student linked to institution ID: 4
Received request to verify student
Creating batch mapping for student
Updated count of students for batch
Generated JWT token for student
Exam started for student
Start feedback post
Feedback created for student: test, Rating: 4
Feedback response prepared: {'rating': 4, 'comment': 'okm', 'student_name': 'test', 'status': True, 'created_at': datetime.datetime(2024, 11, 22, 7, 31, 1, 828516, tzinfo=datetime.timezone.utc), 'updated_at': datetime.datetime(2024, 11, 22, 7, 31, 1, 828556, tzinfo=datetime.timezone.utc)}
Received request to verify student
Student not found with email
Self-registration request received for email
Created student linked to institution ID: 1
Received request to verify student
Creating batch mapping for student
Updated count of students for batch
Generated JWT token for student
Exam started for student
Exam started for student
Exam started for student
Received request to verify student
Student not found with email
Self-registration request received for email
Created student linked to institution ID: 2
Received request to verify student
Creating batch mapping for student
Updated count of students for batch
Generated JWT token for student
Exam started for student
Starting exam valuation for exam. Response: StudentBatchMapping object (161)student nameasif
Successfully bulk created student responses.
Received request to verify student
Student not found with email
Self-registration request received for email
Created student linked to institution ID: 4
Received request to verify student
Creating batch mapping for student
Updated count of students for batch
Generated JWT token for student
Exam started for student
Exam started for student
Starting exam valuation for exam. Response: StudentBatchMapping object (162)student nameJuan Francisco dd
Successfully bulk created student responses.
Starting exam valuation for exam. Response: StudentBatchMapping object (162)student nameJuan Francisco dd
Start feedback post
Feedback created for student: Juan Francisco dd, Rating: 4
Feedback response prepared: {'rating': 4, 'comment': None, 'student_name': 'Juan Francisco dd', 'status': True, 'created_at': datetime.datetime(2024, 11, 22, 9, 43, 28, 256322, tzinfo=datetime.timezone.utc), 'updated_at': datetime.datetime(2024, 11, 22, 9, 43, 28, 256347, tzinfo=datetime.timezone.utc)}
Received request to verify student
Student is already mapped to a batch
Received request to verify student
Student is already mapped to a batch
Received request to verify student
Student not found with email
Self-registration request received for email
Created student linked to institution ID: 2
Received request to verify student
Creating batch mapping for student
Updated count of students for batch
Generated JWT token for student
Exam started for student
Starting exam valuation for exam. Response: StudentBatchMapping object (163)student nameasf
Successfully bulk created student responses.
Starting exam valuation for exam. Response: StudentBatchMapping object (163)student nameasf
Received request to verify student
Student not found with email
Self-registration request received for email
Created student linked to institution ID: 4
Received request to verify student
Creating batch mapping for student
Updated count of students for batch
Generated JWT token for student
Exam started for student
Starting exam valuation for exam. Response: StudentBatchMapping object (164)student namepaa
Successfully bulk created student responses.
Start feedback post
Feedback created for student: paa, Rating: 5
Feedback response prepared: {'rating': 5, 'comment': 'safasdf', 'student_name': 'paa', 'status': True, 'created_at': datetime.datetime(2024, 11, 22, 11, 48, 13, 982229, tzinfo=datetime.timezone.utc), 'updated_at': datetime.datetime(2024, 11, 22, 11, 48, 13, 982265, tzinfo=datetime.timezone.utc)}
Received request to verify student
Student not found with email
Self-registration request received for email
Created student linked to institution ID: 4
Received request to verify student
Creating batch mapping for student
Updated count of students for batch
Generated JWT token for student
Exam started for student
Starting exam valuation for exam. Response: StudentBatchMapping object (165)student nameasif nwewwwwwwww
Successfully bulk created student responses.
Starting exam valuation for exam. Response: StudentBatchMapping object (165)student nameasif nwewwwwwwww
Successfully bulk created student responses.
Received request to verify student
Student not found with email
Self-registration request received for email
Created student linked to institution ID: 3
Received request to verify student
Creating batch mapping for student
Updated count of students for batch
Generated JWT token for student
Exam started for student
Received request to verify student
Student not found with email
Self-registration request received for email
Created student linked to institution ID: 4
Received request to verify student
Creating batch mapping for student
Updated count of students for batch
Generated JWT token for student
Exam started for student
Starting exam valuation for exam. Response: StudentBatchMapping object (167)student name        hi new student    
Successfully bulk created student responses.
Received request to verify student
Student not found with email
Self-registration request received for email
Created student linked to institution ID: 4
Received request to verify student
Creating batch mapping for student
Updated count of students for batch
Generated JWT token for student
Exam started for student
Received request to verify student
Student not found with email
Self-registration request received for email
Created student linked to institution ID: 4
Received request to verify student
Creating batch mapping for student
Updated count of students for batch
Generated JWT token for student
Exam started for student
Received request to verify student
Student not found with email
Self-registration request received for email
Created student linked to institution ID: 4
Received request to verify student
Creating batch mapping for student
Updated count of students for batch
Generated JWT token for student
Exam started for student
Received request to verify student
Validation error occurred: {'errorCode': 'e1111', 'errorMsg': 'Invalid batch id'}
Received request to verify student
Validation error occurred: {'errorCode': 'e1111', 'errorMsg': 'Invalid batch id'}
Received request to verify student
Student not found with email
Self-registration request received for email
Created student linked to institution ID: 2
Received request to verify student
Creating batch mapping for student
Updated count of students for batch
Generated JWT token for student
Exam started for student
Exam started for student
Exam started for student
Exam started for student
Exam started for student
Exam started for student
Exam started for student
Exam started for student
Exam started for student
Received request to verify student
Validation error occurred: {'errorCode': 'e1111', 'errorMsg': 'Invalid batch id'}
Received request to verify student
Validation error occurred: {'errorCode': 'e1111', 'errorMsg': 'Invalid batch id'}
Received request to verify student
Student is already mapped to a batch
Exam started for student
Exam started for student
Exam started for student
Exam started for student
Exam started for student
Exam started for student
Exam started for student
Exam started for student
Exam started for student
Received request to verify student
Student not found with email
Self-registration request received for email
Created student linked to institution ID: 3
Received request to verify student
Creating batch mapping for student
Updated count of students for batch
Generated JWT token for student
Exam started for student
Exam started for student
Starting exam valuation for exam. Response: StudentBatchMapping object (172)student namefirst anme last name
Successfully bulk created student responses.
Start feedback post
Feedback created for student: first anme last name, Rating: 3
Feedback response prepared: {'rating': 3, 'comment': None, 'student_name': 'first anme last name', 'status': True, 'created_at': datetime.datetime(2024, 11, 24, 5, 57, 55, 357803, tzinfo=datetime.timezone.utc), 'updated_at': datetime.datetime(2024, 11, 24, 5, 57, 55, 357827, tzinfo=datetime.timezone.utc)}
Received request to verify student
Student not found with email
Self-registration request received for email
Created student linked to institution ID: 3
Received request to verify student
Creating batch mapping for student
Updated count of students for batch
Generated JWT token for student
Exam started for student
Starting exam valuation for exam. Response: StudentBatchMapping object (173)student nameasif
Successfully bulk created student responses.
Received request to verify student
Student not found with email
Self-registration request received for email
Created student linked to institution ID: 2
Received request to verify student
Creating batch mapping for student
Updated count of students for batch
Generated JWT token for student
Exam started for student
Starting exam valuation for exam. Response: StudentBatchMapping object (174)student namesdds
Successfully bulk created student responses.
Received request to verify student
Student not found with email
Self-registration request received for email
Created student linked to institution ID: 3
Received request to verify student
Creating batch mapping for student
Updated count of students for batch
Generated JWT token for student
Exam started for student
Starting exam valuation for exam. Response: StudentBatchMapping object (175)student nameasf
Successfully bulk created student responses.
Starting exam valuation for exam. Response: StudentBatchMapping object (175)student nameasf
Starting exam valuation for exam. Response: StudentBatchMapping object (175)student nameasf
Starting exam valuation for exam. Response: StudentBatchMapping object (175)student nameasf
Starting exam valuation for exam. Response: StudentBatchMapping object (175)student nameasf
Received request to verify student
Student not found with email
Self-registration request received for email
Created student linked to institution ID: 3
Received request to verify student
Creating batch mapping for student
Updated count of students for batch
Generated JWT token for student
Exam started for student
Starting exam valuation for exam. Response: StudentBatchMapping object (176)student nameasifllllld
Exam started for student
Successfully bulk created student responses.
Received request to verify student
Student is already mapped to a batch
Received request to verify student
Student is already mapped to a batch
Received request to verify student
Student not found with email
Self-registration request received for email
Created student linked to institution ID: 3
Received request to verify student
Creating batch mapping for student
Updated count of students for batch
Generated JWT token for student
Exam started for student
Starting exam valuation for exam. Response: StudentBatchMapping object (177)student nameasifllllld
Successfully bulk created student responses.
Received request to verify student
Student not found with email
Self-registration request received for email
Created student linked to institution ID: 4
Received request to verify student
Creating batch mapping for student
Updated count of students for batch
Generated JWT token for student
Exam started for student
Starting exam valuation for exam. Response: StudentBatchMapping object (178)student namegaga
Successfully bulk created student responses.
Start feedback post
Feedback created for student: gaga, Rating: 1
Feedback response prepared: {'rating': 1, 'comment': None, 'student_name': 'gaga', 'status': True, 'created_at': datetime.datetime(2024, 11, 24, 6, 45, 7, 188794, tzinfo=datetime.timezone.utc), 'updated_at': datetime.datetime(2024, 11, 24, 6, 45, 7, 188821, tzinfo=datetime.timezone.utc)}
Received request to verify student
Student not found with email
Self-registration request received for email
Created student linked to institution ID: 4
Received request to verify student
Creating batch mapping for student
Updated count of students for batch
Generated JWT token for student
Exam started for student
Received request to verify student
Student not found with email
Self-registration request received for email
Created student linked to institution ID: 2
Received request to verify student
Creating batch mapping for student
Updated count of students for batch
Generated JWT token for student
Exam started for student
Starting exam valuation for exam. Response: StudentBatchMapping object (180)student name        hi new student    
Successfully bulk created student responses.
Received request to verify student
Student not found with email
Self-registration request received for email
Created student linked to institution ID: 3
Received request to verify student
Creating batch mapping for student
Updated count of students for batch
Generated JWT token for student
Exam started for student
Received request to verify student
Student not found with email
Self-registration request received for email
Created student linked to institution ID: 4
Received request to verify student
Creating batch mapping for student
Updated count of students for batch
Generated JWT token for student
Exam started for student
Starting exam valuation for exam. Response: StudentBatchMapping object (182)student namefirst anme last name
Successfully bulk created student responses.
Received request to verify student
Student not found with email
Self-registration request received for email
Created student linked to institution ID: 4
Received request to verify student
Creating batch mapping for student
Updated count of students for batch
Generated JWT token for student
Exam started for student
Starting exam valuation for exam. Response: StudentBatchMapping object (183)student namefirst anme last name
Successfully bulk created student responses.
Starting exam valuation for exam. Response: StudentBatchMapping object (183)student namefirst anme last name
Start feedback post
Feedback created for student: first anme last name, Rating: 4
Feedback response prepared: {'rating': 4, 'comment': None, 'student_name': 'first anme last name', 'status': True, 'created_at': datetime.datetime(2024, 11, 24, 7, 24, 14, 660564, tzinfo=datetime.timezone.utc), 'updated_at': datetime.datetime(2024, 11, 24, 7, 24, 14, 660594, tzinfo=datetime.timezone.utc)}
Received request to verify student
Student not found with email
Self-registration request received for email
Created student linked to institution ID: 4
Received request to verify student
Creating batch mapping for student
Updated count of students for batch
Generated JWT token for student
Exam started for student
Received request to verify student
Student not found with email
Self-registration request received for email
Created student linked to institution ID: 4
Received request to verify student
Creating batch mapping for student
Updated count of students for batch
Generated JWT token for student
Exam started for student
Starting exam valuation for exam. Response: StudentBatchMapping object (185)student namevvv
Successfully bulk created student responses.
Starting exam valuation for exam. Response: StudentBatchMapping object (185)student namevvv
Successfully bulk created student responses.
Starting exam valuation for exam. Response: StudentBatchMapping object (185)student namevvv
Start feedback post
Feedback created for student: vvv, Rating: 2
Feedback response prepared: {'rating': 2, 'comment': None, 'student_name': 'vvv', 'status': True, 'created_at': datetime.datetime(2024, 11, 24, 9, 52, 13, 849060, tzinfo=datetime.timezone.utc), 'updated_at': datetime.datetime(2024, 11, 24, 9, 52, 13, 849089, tzinfo=datetime.timezone.utc)}
Received request to verify student
Student not found with email
Self-registration request received for email
Created student linked to institution ID: 3
Received request to verify student
Creating batch mapping for student
Updated count of students for batch
Generated JWT token for student
Exam started for student
Received request to verify student
Student not found with email
Received request to verify student
Student not found with email
Self-registration request received for email
Created student linked to institution ID: 2
Received request to verify student
Creating batch mapping for student
Updated count of students for batch
Generated JWT token for student
Exam started for student
Received request to verify student
Student is already mapped to a batch
Exam started for student
Starting exam valuation for exam. Response: StudentBatchMapping object (187)student namelive
Successfully bulk created student responses.
Starting exam valuation for exam. Response: StudentBatchMapping object (187)student namelive
Start feedback post
Feedback created for student: live, Rating: 2
Feedback response prepared: {'rating': 2, 'comment': None, 'student_name': 'live', 'status': True, 'created_at': datetime.datetime(2024, 11, 24, 10, 26, 34, 827900, tzinfo=datetime.timezone.utc), 'updated_at': datetime.datetime(2024, 11, 24, 10, 26, 34, 827943, tzinfo=datetime.timezone.utc)}
Received request to verify student
Student not found with email
Self-registration request received for email
Created student linked to institution ID: 4
Received request to verify student
Creating batch mapping for student
Updated count of students for batch
Generated JWT token for student
Exam started for student
Starting exam valuation for exam. Response: StudentBatchMapping object (188)student nameasif
Successfully bulk created student responses.
Start feedback post
Feedback created for student: asif, Rating: 4
Feedback response prepared: {'rating': 4, 'comment': None, 'student_name': 'asif', 'status': True, 'created_at': datetime.datetime(2024, 11, 24, 10, 36, 30, 315928, tzinfo=datetime.timezone.utc), 'updated_at': datetime.datetime(2024, 11, 24, 10, 36, 30, 315950, tzinfo=datetime.timezone.utc)}
Received request to verify student
Creating batch mapping for student
Updated count of students for batch
Generated JWT token for student
Exam started for student
Exam started for student
Exam started for student
Exam started for student
Received request to verify student
Student not found with email
Self-registration request received for email
Created student linked to institution ID: 1
Received request to verify student
Creating batch mapping for student
Updated count of students for batch
Generated JWT token for student
Exam started for student
Starting exam valuation for exam. Response: StudentBatchMapping object (190)student nameasif
Successfully bulk created student responses.
Starting exam valuation for exam. Response: StudentBatchMapping object (190)student nameasif
Received request to verify student
Student not found with email
Self-registration request received for email
Created student linked to institution ID: 2
Received request to verify student
Creating batch mapping for student
Updated count of students for batch
Generated JWT token for student
Exam started for student
Received request to verify student
Student not found with email
Self-registration request received for email
Created student linked to institution ID: 1
Received request to verify student
Creating batch mapping for student
Updated count of students for batch
Generated JWT token for student
Exam started for student
Starting exam valuation for exam. Response: StudentBatchMapping object (192)student namefirst anme last name
Successfully bulk created student responses.
Received request to verify student
Student not found with email
Self-registration request received for email
Created student linked to institution ID: 2
Received request to verify student
Creating batch mapping for student
Updated count of students for batch
Generated JWT token for student
Exam started for student
Received request to verify student
Validation error occurred: {'errorCode': 'e2002', 'errorMsg': 'Invalid email'}
Received request to verify student
Student not found with email
Self-registration request received for email
Created student linked to institution ID: 2
Received request to verify student
Creating batch mapping for student
Updated count of students for batch
Generated JWT token for student
Exam started for student
Received request to verify student
Student not found with email
Received request to verify student
Student not found with email
Received request to verify student
Student is already mapped to a batch
Exam started for student
Exam started for student
Exam started for student
Starting exam valuation for exam. Response: StudentBatchMapping object (171)student namefirst anme last name
Successfully bulk created student responses.
Received request to verify student
Student not found with email
Self-registration request received for email
Created student linked to institution ID: 4
Received request to verify student
Creating batch mapping for student
Updated count of students for batch
Generated JWT token for student
Exam started for student
Received request to verify student
Student not found with email
Self-registration request received for email
Created student linked to institution ID: 2
Received request to verify student
Creating batch mapping for student
Updated count of students for batch
Generated JWT token for student
Exam started for student
Exam started for student
Exam started for student
Exam started for student
Exam started for student
Received request to verify student
Student is already mapped to a batch
Received request to verify student
Creating batch mapping for student
Updated count of students for batch
Generated JWT token for student
Exam started for student
Exam started for student
Exam started for student
Exam started for student
Exam started for student
Exam started for student
Exam started for student
Exam started for student
Exam started for student
Exam started for student
Exam started for student
Exam started for student
Received request to verify student
Creating batch mapping for student
Updated count of students for batch
Generated JWT token for student
Exam started for student
Starting exam valuation for exam. Response: StudentBatchMapping object (198)student namefirst anme last name
Successfully bulk created student responses.
Start feedback post
Feedback created for student: first anme last name, Rating: 3
Feedback response prepared: {'rating': 3, 'comment': None, 'student_name': 'first anme last name', 'status': True, 'created_at': datetime.datetime(2024, 11, 24, 18, 37, 19, 457598, tzinfo=datetime.timezone.utc), 'updated_at': datetime.datetime(2024, 11, 24, 18, 37, 19, 457635, tzinfo=datetime.timezone.utc)}
Received request to verify student
Creating batch mapping for student
Updated count of students for batch
Generated JWT token for student
Exam started for student
Exam started for student
Exam started for student
Exam started for student
Exam started for student
Exam started for student
Exam started for student
Exam started for student
Exam started for student
Exam started for student
Received request to verify student
Creating batch mapping for student
Updated count of students for batch
Generated JWT token for student
Starting exam valuation for exam. Response: StudentBatchMapping object (199)student namefan
Successfully bulk created student responses.
Exam started for student
Exam started for student
Starting exam valuation for exam. Response: StudentBatchMapping object (200)student nameten
Successfully bulk created student responses.
Received request to verify student
Student is already mapped to a batch
Received request to verify student
Creating batch mapping for student
Updated count of students for batch
Generated JWT token for student
Exam started for student
Received request to verify student
Student not found with email
Self-registration request received for email
Created student linked to institution ID: 2
Received request to verify student
Creating batch mapping for student
Updated count of students for batch
Generated JWT token for student
Exam started for student
Exam started for student
Received request to verify student
Student not found with email
Self-registration request received for email
Created student linked to institution ID: 2
Received request to verify student
Creating batch mapping for student
Updated count of students for batch
Generated JWT token for student
Exam started for student
Received request to verify student
Student not found with email
Received request to verify student
Student not found with email
Self-registration request received for email
Created student linked to institution ID: 1
Received request to verify student
Creating batch mapping for student
Updated count of students for batch
Generated JWT token for student
Exam started for student
Received request to verify student
Student not found with email
Self-registration request received for email
Created student linked to institution ID: 2
Received request to verify student
Creating batch mapping for student
Updated count of students for batch
Generated JWT token for student
Exam started for student
Received request to verify student
Student not found with email
Self-registration request received for email
Created student linked to institution ID: 4
Received request to verify student
Creating batch mapping for student
Updated count of students for batch
Generated JWT token for student
Exam started for student
Starting exam valuation for exam. Response: StudentBatchMapping object (205)student namedddd
Successfully bulk created student responses.
Received request to verify student
Student not found with email
Self-registration request received for email
Created student linked to institution ID: 2
Received request to verify student
Creating batch mapping for student
Updated count of students for batch
Generated JWT token for student
Exam started for student
Starting exam valuation for exam. Response: StudentBatchMapping object (207)student nameasifllllld
Successfully bulk created student responses.
Received request to verify student
Student not found with email
Self-registration request received for email
Created student linked to institution ID: 1
Received request to verify student
Creating batch mapping for student
Updated count of students for batch
Generated JWT token for student
Exam started for student
Starting exam valuation for exam. Response: StudentBatchMapping object (208)student nameasif nwewwwwwwww
Successfully bulk created student responses.
Start feedback post
Feedback created for student: asif nwewwwwwwww, Rating: 5
Feedback response prepared: {'rating': 5, 'comment': None, 'student_name': 'asif nwewwwwwwww', 'status': True, 'created_at': datetime.datetime(2024, 11, 24, 19, 36, 33, 256217, tzinfo=datetime.timezone.utc), 'updated_at': datetime.datetime(2024, 11, 24, 19, 36, 33, 256265, tzinfo=datetime.timezone.utc)}
Received request to verify student
Student not found with email
Self-registration request received for email
Created student linked to institution ID: 4
Received request to verify student
Creating batch mapping for student
Updated count of students for batch
Generated JWT token for student
Exam started for student
Exam started for student
Received request to verify student
Student not found with email
Self-registration request received for email
Created student linked to institution ID: 2
Received request to verify student
Creating batch mapping for student
Updated count of students for batch
Generated JWT token for student
Exam started for student
Exam started for student
Exam started for student
Received request to verify student
Student not found with email
Self-registration request received for email
Created student linked to institution ID: 1
Received request to verify student
Creating batch mapping for student
Updated count of students for batch
Generated JWT token for student
Exam started for student
Received request to verify student
Student not found with email
Self-registration request received for email
Created student linked to institution ID: 2
Received request to verify student
Creating batch mapping for student
Updated count of students for batch
Generated JWT token for student
Exam started for student
Exam started for student
Starting exam valuation for exam. Response: StudentBatchMapping object (212)student namedsfas
Successfully bulk created student responses.
Received request to verify student
Student not found with email
Self-registration request received for email
Created student linked to institution ID: 1
Received request to verify student
Creating batch mapping for student
Updated count of students for batch
Generated JWT token for student
Exam started for student
Exam started for student
Starting exam valuation for exam. Response: StudentBatchMapping object (213)student namejln
Successfully bulk created student responses.
Received request to verify student
Student not found with email
Self-registration request received for email
Created student linked to institution ID: 3
Received request to verify student
Creating batch mapping for student
Updated count of students for batch
Generated JWT token for student
Exam started for student
Starting exam valuation for exam. Response: StudentBatchMapping object (212)student namedsfas
Received request to verify student
Student not found with email
Self-registration request received for email
Created student linked to institution ID: 4
Received request to verify student
Creating batch mapping for student
Updated count of students for batch
Generated JWT token for student
Exam started for student
Received request to verify student
Student not found with email
Self-registration request received for email
Created student linked to institution ID: 2
Received request to verify student
Creating batch mapping for student
Updated count of students for batch
Generated JWT token for student
Exam started for student
Received request to verify student
Student not found with email
Self-registration request received for email
Created student linked to institution ID: 3
Received request to verify student
Creating batch mapping for student
Updated count of students for batch
Generated JWT token for student
Exam started for student
Starting exam valuation for exam. Response: StudentBatchMapping object (217)student nameasf
Successfully bulk created student responses.
Start feedback post
Feedback created for student: asf, Rating: 3
Feedback response prepared: {'rating': 3, 'comment': None, 'student_name': 'asf', 'status': True, 'created_at': datetime.datetime(2024, 11, 25, 1, 26, 13, 413640, tzinfo=datetime.timezone.utc), 'updated_at': datetime.datetime(2024, 11, 25, 1, 26, 13, 413681, tzinfo=datetime.timezone.utc)}
Received request to verify student
Student not found with email
Self-registration request received for email
Created student linked to institution ID: 1
Received request to verify student
Creating batch mapping for student
Updated count of students for batch
Generated JWT token for student
Exam started for student
Exam started for student
Exam started for student
Exam started for student
Starting exam valuation for exam. Response: StudentBatchMapping object (218)student nameasif
Student marked as terminated.
Received request to verify student
Student not found with email
Self-registration request received for email
Created student linked to institution ID: 4
Received request to verify student
Creating batch mapping for student
Updated count of students for batch
Generated JWT token for student
Exam started for student
Starting exam valuation for exam. Response: StudentBatchMapping object (219)student nameasif nwewwwwwwww
Successfully bulk created student responses.
Starting exam valuation for exam. Response: StudentBatchMapping object (219)student nameasif nwewwwwwwww
Received request to verify student
Student not found with email
Self-registration request received for email
Created student linked to institution ID: 3
Received request to verify student
Creating batch mapping for student
Updated count of students for batch
Generated JWT token for student
Exam started for student
Starting exam valuation for exam. Response: StudentBatchMapping object (220)student nameasf
Successfully bulk created student responses.
Starting exam valuation for exam. Response: StudentBatchMapping object (220)student nameasf
Received request to verify student
Student is already mapped to a batch
Received request to verify student
Student not found with email
Self-registration request received for email
Created student linked to institution ID: 2
Received request to verify student
Creating batch mapping for student
Updated count of students for batch
Generated JWT token for student
Exam started for student
Exam started for student
Exam started for student
Starting exam valuation for exam. Response: StudentBatchMapping object (221)student nameasifllllld
Successfully bulk created student responses.
Starting exam valuation for exam. Response: StudentBatchMapping object (221)student nameasifllllld
Start feedback post
Feedback created for student: asifllllld, Rating: 4
Feedback response prepared: {'rating': 4, 'comment': None, 'student_name': 'asifllllld', 'status': True, 'created_at': datetime.datetime(2024, 11, 25, 3, 34, 36, 198536, tzinfo=datetime.timezone.utc), 'updated_at': datetime.datetime(2024, 11, 25, 3, 34, 36, 198564, tzinfo=datetime.timezone.utc)}
Received request to verify student
Student is already mapped to a batch
Received request to verify student
Student not found with email
Self-registration request received for email
Created student linked to institution ID: 4
Received request to verify student
Creating batch mapping for student
Updated count of students for batch
Generated JWT token for student
Exam started for student
Starting exam valuation for exam. Response: StudentBatchMapping object (222)student nameasif
Successfully bulk created student responses.
Received request to verify student
Student not found with email
Self-registration request received for email
Created student linked to institution ID: 3
Received request to verify student
Creating batch mapping for student
Updated count of students for batch
Generated JWT token for student
Exam started for student
Starting exam valuation for exam. Response: StudentBatchMapping object (223)student nameJuan Francisco dd
Successfully bulk created student responses.
Starting exam valuation for exam. Response: StudentBatchMapping object (223)student nameJuan Francisco dd
Received request to verify student
Student not found with email
Self-registration request received for email
Created student linked to institution ID: 3
Received request to verify student
Creating batch mapping for student
Updated count of students for batch
Generated JWT token for student
Exam started for student
Starting exam valuation for exam. Response: StudentBatchMapping object (224)student nameJuan Francisco dd
Successfully bulk created student responses.
Received request to verify student
Student not found with email
Self-registration request received for email
Created student linked to institution ID: 2
Received request to verify student
Creating batch mapping for student
Updated count of students for batch
Generated JWT token for student
Exam started for student
Starting exam valuation for exam. Response: StudentBatchMapping object (225)student name        hi new student    
Successfully bulk created student responses.
Received request to verify student
Creating batch mapping for student
Updated count of students for batch
Generated JWT token for student
Exam started for student
Starting exam valuation for exam. Response: StudentBatchMapping object (226)student namegoogle
Successfully bulk created student responses.
Starting exam valuation for exam. Response: StudentBatchMapping object (226)student namegoogle
Received request to verify student
Student not found with email
Self-registration request received for email
Created student linked to institution ID: 2
Received request to verify student
Creating batch mapping for student
Updated count of students for batch
Generated JWT token for student
Exam started for student
Starting exam valuation for exam. Response: StudentBatchMapping object (227)student nameasfsdf
Successfully bulk created student responses.
Received request to verify student
Student not found with email
Self-registration request received for email
Created student linked to institution ID: 1
Received request to verify student
Creating batch mapping for student
Updated count of students for batch
Generated JWT token for student
Exam started for student
Exam started for student
Successfully bulk created student responses.
Received request to verify student
Student not found with email
Self-registration request received for email
Created student linked to institution ID: 1
Received request to verify student
Creating batch mapping for student
Updated count of students for batch
Generated JWT token for student
Exam started for student
Received request to verify student
Student not found with email
Self-registration request received for email
Created student linked to institution ID: 1
Received request to verify student
Creating batch mapping for student
Updated count of students for batch
Generated JWT token for student
Exam started for student
Exam started for student
Exam started for student
Successfully bulk created student responses.
Exam started for student
Exam started for student
Received request to verify student
Student not found with email
Self-registration request received for email
Created student linked to institution ID: 3
Received request to verify student
Creating batch mapping for student
Updated count of students for batch
Generated JWT token for student
Exam started for student
Successfully bulk created student responses.
Successfully bulk created student responses.
Start feedback post
Feedback created for student: asf, Rating: 3
Feedback response prepared: {'rating': 3, 'comment': None, 'student_name': 'asf', 'status': True, 'created_at': datetime.datetime(2024, 11, 25, 4, 27, 47, 619087, tzinfo=datetime.timezone.utc), 'updated_at': datetime.datetime(2024, 11, 25, 4, 27, 47, 619117, tzinfo=datetime.timezone.utc)}
Received request to verify student
Student not found with email
Self-registration request received for email
Created student linked to institution ID: 3
Received request to verify student
Creating batch mapping for student
Updated count of students for batch
Generated JWT token for student
Exam started for student
